level,word,partOfSpeech,senseOrder,senseId,finalZhTw,groupDecision,learnerDisplayZh,reviewNotes,confidence,status,englishDefinitionGroup
2,basics,noun,1,basics%1:10:00::,基礎；基本要點,PARTIAL_MERGE_RECOMMENDED,基礎；基本原理,兩個 WordNet 義項高度重疊；學習介面可合併成一則，避免重複。,high,reviewed_pending_user_approval,a statement of fundamental facts or principles;principles from which other truths can be derived
2,basics,noun,2,basics%1:09:00::,基本原理；基本原則,PARTIAL_MERGE_RECOMMENDED,基礎；基本原理,兩個 WordNet 義項高度重疊；學習介面可合併成一則，避免重複。,high,reviewed_pending_user_approval,a statement of fundamental facts or principles;principles from which other truths can be derived
2,brain,noun,1,brain%1:08:00::,大腦（器官）,PARTIAL_MERGE_RECOMMENDED,大腦（器官） | 頭腦；智力,器官義應獨立；後兩個心智能力義高度接近，可合併。,high,reviewed_pending_user_approval,"that part of the central nervous system that includes all the higher nervous centers; enclosed within the skull; continuous with the spinal cord;mental ability;that which is responsible for one's thoughts, feelings, and conscious brain functions; the seat of the faculty of reason"
2,brain,noun,2,brain%1:09:00::,智力；腦力,PARTIAL_MERGE_RECOMMENDED,大腦（器官） | 頭腦；智力,器官義應獨立；後兩個心智能力義高度接近，可合併。,high,reviewed_pending_user_approval,"that part of the central nervous system that includes all the higher nervous centers; enclosed within the skull; continuous with the spinal cord;mental ability;that which is responsible for one's thoughts, feelings, and conscious brain functions; the seat of the faculty of reason"
2,brain,noun,3,brain%1:09:01::,頭腦；心智,PARTIAL_MERGE_RECOMMENDED,大腦（器官） | 頭腦；智力,器官義應獨立；後兩個心智能力義高度接近，可合併。,high,reviewed_pending_user_approval,"that part of the central nervous system that includes all the higher nervous centers; enclosed within the skull; continuous with the spinal cord;mental ability;that which is responsible for one's thoughts, feelings, and conscious brain functions; the seat of the faculty of reason"
2,complex,noun,1,complex%1:09:00::,複合體；綜合體（概念）,KEEP_SPLIT,複合體；綜合體（概念） | 錯合物（化學） | 情結（心理學）,三個領域義明確不同；「錯合物」為台灣化學常用語。,high,reviewed_pending_user_approval,a conceptual whole made up of complicated and related parts;a compound described in terms of the central atom to which other atoms are bound or coordinated;(psychoanalysis) a combination of emotions and impulses that have been rejected from awareness but still influence a person's behavior
2,complex,noun,2,complex%1:27:00::,錯合物（化學）,KEEP_SPLIT,複合體；綜合體（概念） | 錯合物（化學） | 情結（心理學）,三個領域義明確不同；「錯合物」為台灣化學常用語。,high,reviewed_pending_user_approval,a conceptual whole made up of complicated and related parts;a compound described in terms of the central atom to which other atoms are bound or coordinated;(psychoanalysis) a combination of emotions and impulses that have been rejected from awareness but still influence a person's behavior
2,complex,noun,3,complex%1:12:00::,情結（心理學）,KEEP_SPLIT,複合體；綜合體（概念） | 錯合物（化學） | 情結（心理學）,三個領域義明確不同；「錯合物」為台灣化學常用語。,high,reviewed_pending_user_approval,a conceptual whole made up of complicated and related parts;a compound described in terms of the central atom to which other atoms are bound or coordinated;(psychoanalysis) a combination of emotions and impulses that have been rejected from awareness but still influence a person's behavior
2,corn,noun,1,corn%1:20:00::,玉米（植物）,KEEP_SPLIT,玉米（植物） | 玉米粒；玉米穀粒 | 玉米穗；食用玉米,植物本體、穀粒與食用玉米穗應分開；台灣日常以「玉米」較自然。,high,reviewed_pending_user_approval,tall annual cereal grass bearing kernels on large ears: widely cultivated in America in many varieties; the principal cereal in Mexico and Central and South America since pre-Columbian times;the dried grains or kernels or corn used as animal feed or ground for meal;ears of corn that can be prepared and served for human food
2,corn,noun,2,corn%1:20:02::,玉米粒；玉米穀粒,KEEP_SPLIT,玉米（植物） | 玉米粒；玉米穀粒 | 玉米穗；食用玉米,植物本體、穀粒與食用玉米穗應分開；台灣日常以「玉米」較自然。,high,reviewed_pending_user_approval,tall annual cereal grass bearing kernels on large ears: widely cultivated in America in many varieties; the principal cereal in Mexico and Central and South America since pre-Columbian times;the dried grains or kernels or corn used as animal feed or ground for meal;ears of corn that can be prepared and served for human food
2,corn,noun,3,corn%1:13:00::,玉米穗；食用玉米,KEEP_SPLIT,玉米（植物） | 玉米粒；玉米穀粒 | 玉米穗；食用玉米,植物本體、穀粒與食用玉米穗應分開；台灣日常以「玉米」較自然。,high,reviewed_pending_user_approval,tall annual cereal grass bearing kernels on large ears: widely cultivated in America in many varieties; the principal cereal in Mexico and Central and South America since pre-Columbian times;the dried grains or kernels or corn used as animal feed or ground for meal;ears of corn that can be prepared and served for human food
2,earthquake,noun,1,earthquake%1:11:00::,地震,KEEP_SPLIT,地震 | 大動盪；劇變（比喻）,自然現象與比喻義不同。,high,reviewed_pending_user_approval,shaking and vibration at the surface of the earth resulting from underground movement along a fault plane or from volcanic activity;a disturbance that is extremely disruptive
2,earthquake,noun,2,earthquake%1:26:00::,大動盪；劇變（比喻）,KEEP_SPLIT,地震 | 大動盪；劇變（比喻）,自然現象與比喻義不同。,high,reviewed_pending_user_approval,shaking and vibration at the surface of the earth resulting from underground movement along a fault plane or from volcanic activity;a disturbance that is extremely disruptive
2,gold,noun,1,gold%1:21:00::,金幣,KEEP_SPLIT,金幣 | 金色；金黃色 | 黃金；金（金屬）,貨幣、顏色與元素義不同。,high,reviewed_pending_user_approval,coins made of gold;a deep yellow color;a soft yellow malleable ductile (trivalent and univalent) metallic element; occurs mainly as nuggets in rocks and alluvial deposits; does not react with most chemicals but is attacked by chlorine and aqua regia
2,gold,noun,2,gold%1:07:00::,金色；金黃色,KEEP_SPLIT,金幣 | 金色；金黃色 | 黃金；金（金屬）,貨幣、顏色與元素義不同。,high,reviewed_pending_user_approval,coins made of gold;a deep yellow color;a soft yellow malleable ductile (trivalent and univalent) metallic element; occurs mainly as nuggets in rocks and alluvial deposits; does not react with most chemicals but is attacked by chlorine and aqua regia
2,gold,noun,3,gold%1:27:00::,黃金；金（金屬）,KEEP_SPLIT,金幣 | 金色；金黃色 | 黃金；金（金屬）,貨幣、顏色與元素義不同。,high,reviewed_pending_user_approval,coins made of gold;a deep yellow color;a soft yellow malleable ductile (trivalent and univalent) metallic element; occurs mainly as nuggets in rocks and alluvial deposits; does not react with most chemicals but is attacked by chlorine and aqua regia
2,hop,noun,1,hop%1:04:00::,單腳跳；跳躍,KEEP_SPLIT,單腳跳；跳躍 | 啤酒花（植物） | 舞會；跳舞聚會（口語）,三義彼此無關，應分開。,high,reviewed_pending_user_approval,the act of hopping; jumping upward or forward (especially on one foot);twining perennials having cordate leaves and flowers arranged in conelike spikes; the dried flowers of this plant are used in brewing to add the characteristic bitter taste to beer;an informal dance where popular music is played
2,hop,noun,2,hop%1:20:00::,啤酒花（植物）,KEEP_SPLIT,單腳跳；跳躍 | 啤酒花（植物） | 舞會；跳舞聚會（口語）,三義彼此無關，應分開。,high,reviewed_pending_user_approval,the act of hopping; jumping upward or forward (especially on one foot);twining perennials having cordate leaves and flowers arranged in conelike spikes; the dried flowers of this plant are used in brewing to add the characteristic bitter taste to beer;an informal dance where popular music is played
2,hop,noun,3,hop%1:11:00::,舞會；跳舞聚會（口語）,KEEP_SPLIT,單腳跳；跳躍 | 啤酒花（植物） | 舞會；跳舞聚會（口語）,三義彼此無關，應分開。,high,reviewed_pending_user_approval,the act of hopping; jumping upward or forward (especially on one foot);twining perennials having cordate leaves and flowers arranged in conelike spikes; the dried flowers of this plant are used in brewing to add the characteristic bitter taste to beer;an informal dance where popular music is played
2,silver,noun,1,silver%1:27:00::,銀；白銀（金屬）,KEEP_SPLIT,銀；白銀（金屬） | 銀幣 | 銀色；銀灰色,第二義英文只指銀幣，不宜擴成「銀器」。,high,reviewed_pending_user_approval,a soft white precious univalent metallic element having the highest electrical and thermal conductivity of any metal; occurs in argentite and in free form; used in coins and jewelry and tableware and photography;coins made of silver;a light shade of grey
2,silver,noun,2,silver%1:21:00::,銀幣,KEEP_SPLIT,銀；白銀（金屬） | 銀幣 | 銀色；銀灰色,第二義英文只指銀幣，不宜擴成「銀器」。,high,reviewed_pending_user_approval,a soft white precious univalent metallic element having the highest electrical and thermal conductivity of any metal; occurs in argentite and in free form; used in coins and jewelry and tableware and photography;coins made of silver;a light shade of grey
2,silver,noun,3,silver%1:07:00::,銀色；銀灰色,KEEP_SPLIT,銀；白銀（金屬） | 銀幣 | 銀色；銀灰色,第二義英文只指銀幣，不宜擴成「銀器」。,high,reviewed_pending_user_approval,a soft white precious univalent metallic element having the highest electrical and thermal conductivity of any metal; occurs in argentite and in free form; used in coins and jewelry and tableware and photography;coins made of silver;a light shade of grey
2,spider,noun,1,spider%1:05:00::,蜘蛛,KEEP_SPLIT,蜘蛛 | 網路爬蟲；網路蜘蛛（資訊） | 鑄鐵平底鍋（舊稱）,第三義依來源僅能確定為鑄鐵平底鍋，不額外添加「三腳」。,medium,reviewed_pending_user_approval,"predatory arachnid with eight legs, two poison fangs, two feelers, and usually two silk-spinning organs at the back end of the body; they spin silk to make cocoons for eggs or traps for prey;a computer program that prowls the internet looking for publicly accessible resources that can be added to a database; the database can then be searched with a search engine;a skillet made of cast iron"
2,spider,noun,2,spider%1:10:00::,網路爬蟲；網路蜘蛛（資訊）,KEEP_SPLIT,蜘蛛 | 網路爬蟲；網路蜘蛛（資訊） | 鑄鐵平底鍋（舊稱）,第三義依來源僅能確定為鑄鐵平底鍋，不額外添加「三腳」。,medium,reviewed_pending_user_approval,"predatory arachnid with eight legs, two poison fangs, two feelers, and usually two silk-spinning organs at the back end of the body; they spin silk to make cocoons for eggs or traps for prey;a computer program that prowls the internet looking for publicly accessible resources that can be added to a database; the database can then be searched with a search engine;a skillet made of cast iron"
2,spider,noun,3,spider%1:06:00::,鑄鐵平底鍋（舊稱）,KEEP_SPLIT,蜘蛛 | 網路爬蟲；網路蜘蛛（資訊） | 鑄鐵平底鍋（舊稱）,第三義依來源僅能確定為鑄鐵平底鍋，不額外添加「三腳」。,medium,reviewed_pending_user_approval,"predatory arachnid with eight legs, two poison fangs, two feelers, and usually two silk-spinning organs at the back end of the body; they spin silk to make cocoons for eggs or traps for prey;a computer program that prowls the internet looking for publicly accessible resources that can be added to a database; the database can then be searched with a search engine;a skillet made of cast iron"
2,worm,noun,1,worm%1:05:00::,蠕蟲；蟲,KEEP_SPLIT,蠕蟲；蟲 | 電腦蠕蟲；蠕蟲程式,電腦 worm 不等同 virus，避免譯為「蠕蟲病毒」。,high,reviewed_pending_user_approval,any of numerous relatively small elongated soft-bodied animals especially of the phyla Annelida and Chaetognatha and Nematoda and Nemertea and Platyhelminthes; also many insect larvae;a software program capable of reproducing itself that can spread from one computer to the next over a network
2,worm,noun,2,worm%1:10:00::,電腦蠕蟲；蠕蟲程式,KEEP_SPLIT,蠕蟲；蟲 | 電腦蠕蟲；蠕蟲程式,電腦 worm 不等同 virus，避免譯為「蠕蟲病毒」。,high,reviewed_pending_user_approval,any of numerous relatively small elongated soft-bodied animals especially of the phyla Annelida and Chaetognatha and Nematoda and Nemertea and Platyhelminthes; also many insect larvae;a software program capable of reproducing itself that can spread from one computer to the next over a network
3,civil,adjective,1,civil%5:00:00:civilian:00,非軍事的；平民的,KEEP_SPLIT,非軍事的；平民的 | 有禮貌的；客氣的 | 公民的；國內的,三個形容詞義分屬軍民對比、禮貌與國家／公民關係。,high,reviewed_pending_user_approval,applying to ordinary citizens as contrasted with the military;not rude; marked by satisfactory (or especially minimal) adherence to social usages and sufficient but not noteworthy consideration for others;of or occurring within the state or between or among citizens of the state
3,civil,adjective,2,civil%3:00:00::,有禮貌的；客氣的,KEEP_SPLIT,非軍事的；平民的 | 有禮貌的；客氣的 | 公民的；國內的,三個形容詞義分屬軍民對比、禮貌與國家／公民關係。,high,reviewed_pending_user_approval,applying to ordinary citizens as contrasted with the military;not rude; marked by satisfactory (or especially minimal) adherence to social usages and sufficient but not noteworthy consideration for others;of or occurring within the state or between or among citizens of the state
3,civil,adjective,3,civil%3:01:01::,公民的；國內的,KEEP_SPLIT,非軍事的；平民的 | 有禮貌的；客氣的 | 公民的；國內的,三個形容詞義分屬軍民對比、禮貌與國家／公民關係。,high,reviewed_pending_user_approval,applying to ordinary citizens as contrasted with the military;not rude; marked by satisfactory (or especially minimal) adherence to social usages and sufficient but not noteworthy consideration for others;of or occurring within the state or between or among citizens of the state
3,mall,noun,1,mall%1:06:00::,步行區；行人步道,KEEP_SPLIT,步行區；行人步道 | 購物中心；商場,第一義是供行人步行的公共區域，不限於林蔭路。,high,reviewed_pending_user_approval,a public area set aside as a pedestrian walk;mercantile establishment consisting of a carefully landscaped complex of shops representing leading merchandisers; usually includes restaurants and a convenient parking area; a modern version of the traditional marketplace
3,mall,noun,2,mall%1:06:01::,購物中心；商場,KEEP_SPLIT,步行區；行人步道 | 購物中心；商場,第一義是供行人步行的公共區域，不限於林蔭路。,high,reviewed_pending_user_approval,a public area set aside as a pedestrian walk;mercantile establishment consisting of a carefully landscaped complex of shops representing leading merchandisers; usually includes restaurants and a convenient parking area; a modern version of the traditional marketplace
3,peanut,noun,1,peanut%1:20:02::,花生莢；花生果實,KEEP_SPLIT,花生莢；花生果實 | 花生（植物） | 小不點；個子矮小的孩子（口語）,第三義為口語指稱小孩，需與植物義分開。,high,reviewed_pending_user_approval,underground pod of the peanut vine;widely cultivated American plant cultivated in tropical and warm regions; showy yellow flowers on stalks that bend over to the soil so that seed pods ripen underground;a young child who is small for their age
3,peanut,noun,2,peanut%1:20:00::,花生（植物）,KEEP_SPLIT,花生莢；花生果實 | 花生（植物） | 小不點；個子矮小的孩子（口語）,第三義為口語指稱小孩，需與植物義分開。,high,reviewed_pending_user_approval,underground pod of the peanut vine;widely cultivated American plant cultivated in tropical and warm regions; showy yellow flowers on stalks that bend over to the soil so that seed pods ripen underground;a young child who is small for their age
3,peanut,noun,3,peanut%1:18:00::,小不點；個子矮小的孩子（口語）,KEEP_SPLIT,花生莢；花生果實 | 花生（植物） | 小不點；個子矮小的孩子（口語）,第三義為口語指稱小孩，需與植物義分開。,high,reviewed_pending_user_approval,underground pod of the peanut vine;widely cultivated American plant cultivated in tropical and warm regions; showy yellow flowers on stalks that bend over to the soil so that seed pods ripen underground;a young child who is small for their age
3,pitch,noun,1,pitch%1:07:00::,音高（聲學）,KEEP_SPLIT,音高（聲學） | 投球（棒球／壘球） | 攤位；攤販位置,第三義是攤販占用的位置，不是「程度」。,high,reviewed_pending_user_approval,"the property of sound that varies with variation in the frequency of vibration;the act of throwing a baseball or softball by the pitcher towards home plate, which initiates play by giving the batter a chance to hit it;a vendor's position (especially on the sidewalk)"
3,pitch,noun,2,pitch%1:04:03::,投球（棒球／壘球）,KEEP_SPLIT,音高（聲學） | 投球（棒球／壘球） | 攤位；攤販位置,第三義是攤販占用的位置，不是「程度」。,high,reviewed_pending_user_approval,"the property of sound that varies with variation in the frequency of vibration;the act of throwing a baseball or softball by the pitcher towards home plate, which initiates play by giving the batter a chance to hit it;a vendor's position (especially on the sidewalk)"
3,pitch,noun,3,pitch%1:15:00::,攤位；攤販位置,KEEP_SPLIT,音高（聲學） | 投球（棒球／壘球） | 攤位；攤販位置,第三義是攤販占用的位置，不是「程度」。,high,reviewed_pending_user_approval,"the property of sound that varies with variation in the frequency of vibration;the act of throwing a baseball or softball by the pitcher towards home plate, which initiates play by giving the batter a chance to hit it;a vendor's position (especially on the sidewalk)"
3,plastic,noun,1,plastic%1:27:00::,塑膠（材料）,KEEP_SPLIT,塑膠（材料） | 信用卡；付款卡,第二義為以塑膠卡片作為付款信用憑證的用法。,high,reviewed_pending_user_approval,generic name for certain synthetic or semisynthetic materials that can be molded or extruded into objects or films or filaments or used for making e.g. coatings and adhesives;a card (usually plastic) that assures a seller that the person using it has sufficient means of payment and that the issuer will see to it that the seller receives payment for the merchandise delivered
3,plastic,noun,2,plastic%1:21:00::,信用卡；付款卡,KEEP_SPLIT,塑膠（材料） | 信用卡；付款卡,第二義為以塑膠卡片作為付款信用憑證的用法。,high,reviewed_pending_user_approval,generic name for certain synthetic or semisynthetic materials that can be molded or extruded into objects or films or filaments or used for making e.g. coatings and adhesives;a card (usually plastic) that assures a seller that the person using it has sufficient means of payment and that the issuer will see to it that the seller receives payment for the merchandise delivered
3,process,noun,1,process%1:04:00::,過程；程序,KEEP_SPLIT,過程；程序 | 心智過程；認知歷程（心理學） | 法院令狀；傳票（法律）,第三義是法律文書／法院程序文件，不是電腦「程式」。,high,reviewed_pending_user_approval,a particular course of action intended to achieve a result;(psychology) the performance of some composite cognitive activity; an operation that affects mental contents;a writ issued by authority of law; usually compels the defendant's attendance in a civil suit; failure to appear results in a default judgment against the defendant
3,process,noun,2,process%1:09:00::,心智過程；認知歷程（心理學）,KEEP_SPLIT,過程；程序 | 心智過程；認知歷程（心理學） | 法院令狀；傳票（法律）,第三義是法律文書／法院程序文件，不是電腦「程式」。,high,reviewed_pending_user_approval,a particular course of action intended to achieve a result;(psychology) the performance of some composite cognitive activity; an operation that affects mental contents;a writ issued by authority of law; usually compels the defendant's attendance in a civil suit; failure to appear results in a default judgment against the defendant
3,process,noun,3,process%1:10:00::,法院令狀；傳票（法律）,KEEP_SPLIT,過程；程序 | 心智過程；認知歷程（心理學） | 法院令狀；傳票（法律）,第三義是法律文書／法院程序文件，不是電腦「程式」。,high,reviewed_pending_user_approval,a particular course of action intended to achieve a result;(psychology) the performance of some composite cognitive activity; an operation that affects mental contents;a writ issued by authority of law; usually compels the defendant's attendance in a civil suit; failure to appear results in a default judgment against the defendant
3,screw,noun,1,screw%1:06:02::,螺絲；螺釘,KEEP_SPLIT,螺絲；螺釘 | 螺旋槳,機械螺絲與推進器義不同。,high,reviewed_pending_user_approval,a simple machine of the inclined-plane type consisting of a spirally threaded cylindrical rod that engages with a similarly threaded hole;a propeller with several angled blades that rotates to push against water or air
3,screw,noun,2,screw%1:06:01::,螺旋槳,KEEP_SPLIT,螺絲；螺釘 | 螺旋槳,機械螺絲與推進器義不同。,high,reviewed_pending_user_approval,a simple machine of the inclined-plane type consisting of a spirally threaded cylindrical rod that engages with a similarly threaded hole;a propeller with several angled blades that rotates to push against water or air
3,shallow,adjective,1,shallow%3:00:01::,淺的；不深的,KEEP_SPLIT,淺的；不深的 | 不深刻的；不強烈的 | 膚淺的；淺薄的（思想／知識）,原「水淺的地方」為名詞式翻譯，與 adjective 詞性不符。,high,reviewed_pending_user_approval,lacking physical depth; having little spatial extension downward or inward from an outer surface or backward or outward from a center;not deep or strong; not affecting one deeply;lacking depth of intellect or knowledge; concerned only with what is obvious
3,shallow,adjective,2,shallow%3:00:02::,不深刻的；不強烈的,KEEP_SPLIT,淺的；不深的 | 不深刻的；不強烈的 | 膚淺的；淺薄的（思想／知識）,原「水淺的地方」為名詞式翻譯，與 adjective 詞性不符。,high,reviewed_pending_user_approval,lacking physical depth; having little spatial extension downward or inward from an outer surface or backward or outward from a center;not deep or strong; not affecting one deeply;lacking depth of intellect or knowledge; concerned only with what is obvious
3,shallow,adjective,3,shallow%5:00:00:superficial:00,膚淺的；淺薄的（思想／知識）,KEEP_SPLIT,淺的；不深的 | 不深刻的；不強烈的 | 膚淺的；淺薄的（思想／知識）,原「水淺的地方」為名詞式翻譯，與 adjective 詞性不符。,high,reviewed_pending_user_approval,lacking physical depth; having little spatial extension downward or inward from an outer surface or backward or outward from a center;not deep or strong; not affecting one deeply;lacking depth of intellect or knowledge; concerned only with what is obvious
3,van,noun,1,van%1:14:01::,先鋒；前衛團體（尤指藝術）,KEEP_SPLIT,先鋒；前衛團體（尤指藝術） | 先頭部隊；前鋒（軍事） | 鐵路貨車；行李車廂（英式）,這三個是較少見的 van 義項，均不同於常見廂型車義。,medium,reviewed_pending_user_approval,any creative group active in the innovation and application of new concepts and techniques in a given field (especially in the arts);the leading units moving at the head of an army;(Great Britain) a closed railroad car that carries baggage or freight
3,van,noun,2,van%1:14:00::,先頭部隊；前鋒（軍事）,KEEP_SPLIT,先鋒；前衛團體（尤指藝術） | 先頭部隊；前鋒（軍事） | 鐵路貨車；行李車廂（英式）,這三個是較少見的 van 義項，均不同於常見廂型車義。,medium,reviewed_pending_user_approval,any creative group active in the innovation and application of new concepts and techniques in a given field (especially in the arts);the leading units moving at the head of an army;(Great Britain) a closed railroad car that carries baggage or freight
3,van,noun,3,van%1:06:02::,鐵路貨車；行李車廂（英式）,KEEP_SPLIT,先鋒；前衛團體（尤指藝術） | 先頭部隊；前鋒（軍事） | 鐵路貨車；行李車廂（英式）,這三個是較少見的 van 義項，均不同於常見廂型車義。,medium,reviewed_pending_user_approval,any creative group active in the innovation and application of new concepts and techniques in a given field (especially in the arts);the leading units moving at the head of an army;(Great Britain) a closed railroad car that carries baggage or freight
4,anxiety,noun,1,anxiety%1:26:00::,持續性焦慮；焦慮狀態（精神醫學）,KEEP_SPLIT,持續性焦慮；焦慮狀態（精神醫學） | 焦慮；不安；憂慮（情緒）,臨床持續狀態與一般預期不幸時的焦慮情緒可區分。,high,reviewed_pending_user_approval,"(psychiatry) a relatively permanent state of worry and nervousness occurring in a variety of mental disorders, usually accompanied by compulsive behavior or attacks of panic;a vague unpleasant emotion that is experienced in anticipation of some (usually ill-defined) misfortune"
4,anxiety,noun,2,anxiety%1:12:00::,焦慮；不安；憂慮（情緒）,KEEP_SPLIT,持續性焦慮；焦慮狀態（精神醫學） | 焦慮；不安；憂慮（情緒）,臨床持續狀態與一般預期不幸時的焦慮情緒可區分。,high,reviewed_pending_user_approval,"(psychiatry) a relatively permanent state of worry and nervousness occurring in a variety of mental disorders, usually accompanied by compulsive behavior or attacks of panic;a vague unpleasant emotion that is experienced in anticipation of some (usually ill-defined) misfortune"
4,bond,noun,1,bond%1:19:00::,化學鍵（化學）,KEEP_SPLIT,化學鍵（化學） | 債券（金融） | 紐帶；聯繫；關係,第三義是人際／親屬等關係，不是債券。,high,reviewed_pending_user_approval,an electrical force linking atoms;a certificate of debt (usually interest-bearing or discounted) that is issued by a government or corporation in order to raise money; the issuer is required to pay a fixed sum annually until maturity and then a fixed sum to repay the principal;a connection based on kinship or marriage or common interest
4,bond,noun,2,bond%1:21:02::,債券（金融）,KEEP_SPLIT,化學鍵（化學） | 債券（金融） | 紐帶；聯繫；關係,第三義是人際／親屬等關係，不是債券。,high,reviewed_pending_user_approval,an electrical force linking atoms;a certificate of debt (usually interest-bearing or discounted) that is issued by a government or corporation in order to raise money; the issuer is required to pay a fixed sum annually until maturity and then a fixed sum to repay the principal;a connection based on kinship or marriage or common interest
4,bond,noun,3,bond%1:24:00::,紐帶；聯繫；關係,KEEP_SPLIT,化學鍵（化學） | 債券（金融） | 紐帶；聯繫；關係,第三義是人際／親屬等關係，不是債券。,high,reviewed_pending_user_approval,an electrical force linking atoms;a certificate of debt (usually interest-bearing or discounted) that is issued by a government or corporation in order to raise money; the issuer is required to pay a fixed sum annually until maturity and then a fixed sum to repay the principal;a connection based on kinship or marriage or common interest
4,calorie,noun,1,calorie%1:23:01::,卡；小卡（cal，熱量單位）,KEEP_SPLIT,卡；小卡（cal，熱量單位） | 大卡；千卡（kcal，食品熱量）,兩義相差 1000 倍，不能合併為同一「卡路里」。,high,reviewed_pending_user_approval,unit of heat defined as the quantity of heat required to raise the temperature of 1 gram of water by 1 degree centigrade at atmospheric pressure;a unit of heat equal to the amount of heat required to raise the temperature of one kilogram of water by one degree at one atmosphere pressure; used by nutritionists to characterize the energy-producing potential in food
4,calorie,noun,2,calorie%1:23:02::,大卡；千卡（kcal，食品熱量）,KEEP_SPLIT,卡；小卡（cal，熱量單位） | 大卡；千卡（kcal，食品熱量）,兩義相差 1000 倍，不能合併為同一「卡路里」。,high,reviewed_pending_user_approval,unit of heat defined as the quantity of heat required to raise the temperature of 1 gram of water by 1 degree centigrade at atmospheric pressure;a unit of heat equal to the amount of heat required to raise the temperature of one kilogram of water by one degree at one atmosphere pressure; used by nutritionists to characterize the energy-producing potential in food
4,campaign,verb,1,campaign%2:33:01::,競選；參選,KEEP_SPLIT,競選；參選 | 發起運動；積極倡議 | 參加戰役；出征,全部為動詞義，原本以名詞「戰役」套用三義不正確。,high,reviewed_pending_user_approval,"run, stand, or compete for an office or a position;exert oneself continuously, vigorously, or obtrusively to gain an end or engage in a crusade for a certain cause or person; be an advocate for;go on a campaign; go off to war"
4,campaign,verb,2,campaign%2:41:10::,發起運動；積極倡議,KEEP_SPLIT,競選；參選 | 發起運動；積極倡議 | 參加戰役；出征,全部為動詞義，原本以名詞「戰役」套用三義不正確。,high,reviewed_pending_user_approval,"run, stand, or compete for an office or a position;exert oneself continuously, vigorously, or obtrusively to gain an end or engage in a crusade for a certain cause or person; be an advocate for;go on a campaign; go off to war"
4,campaign,verb,3,campaign%2:33:00::,參加戰役；出征,KEEP_SPLIT,競選；參選 | 發起運動；積極倡議 | 參加戰役；出征,全部為動詞義，原本以名詞「戰役」套用三義不正確。,high,reviewed_pending_user_approval,"run, stand, or compete for an office or a position;exert oneself continuously, vigorously, or obtrusively to gain an end or engage in a crusade for a certain cause or person; be an advocate for;go on a campaign; go off to war"
4,carrier,noun,1,carrier%1:06:03::,運載車；運輸車輛,KEEP_SPLIT,運載車；運輸車輛 | 航空母艦；航母,第二義明確指 aircraft carrier。,high,reviewed_pending_user_approval,a self-propelled wheeled vehicle designed specifically to carry something;a large warship that carries planes and has a long flat deck for takeoffs and landings
4,carrier,noun,2,carrier%1:06:01::,航空母艦；航母,KEEP_SPLIT,運載車；運輸車輛 | 航空母艦；航母,第二義明確指 aircraft carrier。,high,reviewed_pending_user_approval,a self-propelled wheeled vehicle designed specifically to carry something;a large warship that carries planes and has a long flat deck for takeoffs and landings
4,counter,noun,1,counter%1:06:00::,櫃檯；櫃台,KEEP_SPLIT,櫃檯；櫃台 | 計數籌碼；棋子 | 計數器,商業櫃檯、桌遊計數物與機械／電子計數器應分開。,high,reviewed_pending_user_approval,"table consisting of a horizontal surface over which business is transacted;game equipment (as a piece of wood, plastic, or ivory) used for keeping a count or reserving a space in various card or board games;a calculator that keeps a record of the number of times something happens"
4,counter,noun,2,counter%1:06:03::,計數籌碼；棋子,KEEP_SPLIT,櫃檯；櫃台 | 計數籌碼；棋子 | 計數器,商業櫃檯、桌遊計數物與機械／電子計數器應分開。,high,reviewed_pending_user_approval,"table consisting of a horizontal surface over which business is transacted;game equipment (as a piece of wood, plastic, or ivory) used for keeping a count or reserving a space in various card or board games;a calculator that keeps a record of the number of times something happens"
4,counter,noun,3,counter%1:06:01::,計數器,KEEP_SPLIT,櫃檯；櫃台 | 計數籌碼；棋子 | 計數器,商業櫃檯、桌遊計數物與機械／電子計數器應分開。,high,reviewed_pending_user_approval,"table consisting of a horizontal surface over which business is transacted;game equipment (as a piece of wood, plastic, or ivory) used for keeping a count or reserving a space in various card or board games;a calculator that keeps a record of the number of times something happens"
4,insurance,noun,1,insurance%1:21:02::,保險；損失補償保障,KEEP_SPLIT,保險；損失補償保障 | 保險單；保險契約 | 保障；防範未來損失的措施,制度／保障、書面契約與廣義保障概念不同。,high,reviewed_pending_user_approval,promise of reimbursement in the case of loss; paid to people or companies so concerned about hazards that they have made prepayments to an insurance company;written contract or certificate of insurance;protection against future loss
4,insurance,noun,2,insurance%1:10:00::,保險單；保險契約,KEEP_SPLIT,保險；損失補償保障 | 保險單；保險契約 | 保障；防範未來損失的措施,制度／保障、書面契約與廣義保障概念不同。,high,reviewed_pending_user_approval,promise of reimbursement in the case of loss; paid to people or companies so concerned about hazards that they have made prepayments to an insurance company;written contract or certificate of insurance;protection against future loss
4,insurance,noun,3,insurance%1:26:00::,保障；防範未來損失的措施,KEEP_SPLIT,保險；損失補償保障 | 保險單；保險契約 | 保障；防範未來損失的措施,制度／保障、書面契約與廣義保障概念不同。,high,reviewed_pending_user_approval,promise of reimbursement in the case of loss; paid to people or companies so concerned about hazards that they have made prepayments to an insurance company;written contract or certificate of insurance;protection against future loss
4,motivation,noun,1,motivation%1:03:00::,動機；驅力,KEEP_SPLIT,動機；驅力 | 積極性；受激勵的狀態 | 激勵；鼓舞（行為）,原因／心理驅力、狀態與施加激勵的行為可分。,high,reviewed_pending_user_approval,the psychological feature that arouses an organism to action toward a desired goal; the reason for the action; that which gives purpose and direction to behavior;the condition of being motivated;the act of motivating; providing incentive
4,motivation,noun,2,motivation%1:26:00::,積極性；受激勵的狀態,KEEP_SPLIT,動機；驅力 | 積極性；受激勵的狀態 | 激勵；鼓舞（行為）,原因／心理驅力、狀態與施加激勵的行為可分。,high,reviewed_pending_user_approval,the psychological feature that arouses an organism to action toward a desired goal; the reason for the action; that which gives purpose and direction to behavior;the condition of being motivated;the act of motivating; providing incentive
4,motivation,noun,3,motivation%1:04:00::,激勵；鼓舞（行為）,KEEP_SPLIT,動機；驅力 | 積極性；受激勵的狀態 | 激勵；鼓舞（行為）,原因／心理驅力、狀態與施加激勵的行為可分。,high,reviewed_pending_user_approval,the psychological feature that arouses an organism to action toward a desired goal; the reason for the action; that which gives purpose and direction to behavior;the condition of being motivated;the act of motivating; providing incentive
4,option,noun,1,option%1:21:00::,選擇權（金融／契約）,KEEP_SPLIT,選擇權（金融／契約） | 選項；可選擇的事物 | 選擇；選取（行為）,金融權利、候選項目與選擇行為不同。,high,reviewed_pending_user_approval,the right to buy or sell property at an agreed price; the right is purchased and if it is not exercised by a stated date the money is forfeited;one of a number of things from which only one can be chosen;the act of choosing or selecting
4,option,noun,2,option%1:09:00::,選項；可選擇的事物,KEEP_SPLIT,選擇權（金融／契約） | 選項；可選擇的事物 | 選擇；選取（行為）,金融權利、候選項目與選擇行為不同。,high,reviewed_pending_user_approval,the right to buy or sell property at an agreed price; the right is purchased and if it is not exercised by a stated date the money is forfeited;one of a number of things from which only one can be chosen;the act of choosing or selecting
4,option,noun,3,option%1:04:00::,選擇；選取（行為）,KEEP_SPLIT,選擇權（金融／契約） | 選項；可選擇的事物 | 選擇；選取（行為）,金融權利、候選項目與選擇行為不同。,high,reviewed_pending_user_approval,the right to buy or sell property at an agreed price; the right is purchased and if it is not exercised by a stated date the money is forfeited;one of a number of things from which only one can be chosen;the act of choosing or selecting
4,submarine,noun,1,submarine%1:06:00::,潛水艇；潛艦,KEEP_SPLIT,潛水艇；潛艦 | 潛艇堡；長條三明治（美式）,第二義為美式大型長條三明治，台灣常稱「潛艇堡」。,high,reviewed_pending_user_approval,a submersible warship usually armed with torpedoes;a large sandwich made of a long crusty roll split lengthwise and filled with meats and cheese (and tomato and onion and lettuce and condiments); different names are used in different sections of the United States
4,submarine,noun,2,submarine%1:13:00::,潛艇堡；長條三明治（美式）,KEEP_SPLIT,潛水艇；潛艦 | 潛艇堡；長條三明治（美式）,第二義為美式大型長條三明治，台灣常稱「潛艇堡」。,high,reviewed_pending_user_approval,a submersible warship usually armed with torpedoes;a large sandwich made of a long crusty roll split lengthwise and filled with meats and cheese (and tomato and onion and lettuce and condiments); different names are used in different sections of the United States
4,virus,noun,1,virus%1:05:00::,病毒（生物／醫學）,KEEP_SPLIT,病毒（生物／醫學） | 禍害；有害影響（比喻） | 電腦病毒,自然病毒、比喻義與電腦惡意程式義不同。,high,reviewed_pending_user_approval,(virology) ultramicroscopic infectious agent that replicates itself only within cells of living hosts; many are pathogenic; a piece of nucleic acid (DNA or RNA) wrapped in a thin coat of protein;a harmful or corrupting agency;a software program capable of reproducing itself and usually capable of causing great harm to files or other programs on the same computer
4,virus,noun,2,virus%1:26:00::,禍害；有害影響（比喻）,KEEP_SPLIT,病毒（生物／醫學） | 禍害；有害影響（比喻） | 電腦病毒,自然病毒、比喻義與電腦惡意程式義不同。,high,reviewed_pending_user_approval,(virology) ultramicroscopic infectious agent that replicates itself only within cells of living hosts; many are pathogenic; a piece of nucleic acid (DNA or RNA) wrapped in a thin coat of protein;a harmful or corrupting agency;a software program capable of reproducing itself and usually capable of causing great harm to files or other programs on the same computer
4,virus,noun,3,virus%1:10:00::,電腦病毒,KEEP_SPLIT,病毒（生物／醫學） | 禍害；有害影響（比喻） | 電腦病毒,自然病毒、比喻義與電腦惡意程式義不同。,high,reviewed_pending_user_approval,(virology) ultramicroscopic infectious agent that replicates itself only within cells of living hosts; many are pathogenic; a piece of nucleic acid (DNA or RNA) wrapped in a thin coat of protein;a harmful or corrupting agency;a software program capable of reproducing itself and usually capable of causing great harm to files or other programs on the same computer
5,auction,noun,1,auction%1:04:01::,競叫橋牌（舊式橋牌）,KEEP_SPLIT,競叫橋牌（舊式橋牌） | 拍賣；公開競標,第一義是歷史上的 Auction bridge，不是軍事用語。,medium,reviewed_pending_user_approval,a variety of bridge in which tricks made in excess of the contract are scored toward game; now generally superseded by contract bridge;the public sale of something to the highest bidder
5,auction,noun,2,auction%1:04:00::,拍賣；公開競標,KEEP_SPLIT,競叫橋牌（舊式橋牌） | 拍賣；公開競標,第一義是歷史上的 Auction bridge，不是軍事用語。,medium,reviewed_pending_user_approval,a variety of bridge in which tricks made in excess of the contract are scored toward game; now generally superseded by contract bridge;the public sale of something to the highest bidder
5,confession,noun,1,confession%1:10:00::,坦白；供認；認錯,KEEP_SPLIT,坦白；供認；認錯 | 認罪書；書面供詞 | 告解；懺悔（天主教）,一般承認、書面認罪文件與宗教告解應分開。,high,reviewed_pending_user_approval,an admission of misdeeds or faults;a written document acknowledging an offense and signed by the guilty party;(Roman Catholic Church) the act of a penitent disclosing their sinfulness before a priest in the sacrament of penance in the hope of absolution
5,confession,noun,2,confession%1:10:01::,認罪書；書面供詞,KEEP_SPLIT,坦白；供認；認錯 | 認罪書；書面供詞 | 告解；懺悔（天主教）,一般承認、書面認罪文件與宗教告解應分開。,high,reviewed_pending_user_approval,an admission of misdeeds or faults;a written document acknowledging an offense and signed by the guilty party;(Roman Catholic Church) the act of a penitent disclosing their sinfulness before a priest in the sacrament of penance in the hope of absolution
5,confession,noun,3,confession%1:04:00::,告解；懺悔（天主教）,KEEP_SPLIT,坦白；供認；認錯 | 認罪書；書面供詞 | 告解；懺悔（天主教）,一般承認、書面認罪文件與宗教告解應分開。,high,reviewed_pending_user_approval,an admission of misdeeds or faults;a written document acknowledging an offense and signed by the guilty party;(Roman Catholic Church) the act of a penitent disclosing their sinfulness before a priest in the sacrament of penance in the hope of absolution
5,hockey,noun,1,hockey%1:04:00::,草地曲棍球,KEEP_SPLIT,草地曲棍球 | 冰上曲棍球；冰球,第一義是 field hockey，第二義才是 ice hockey。,high,reviewed_pending_user_approval,a game resembling ice hockey that is played on an open field; two opposing teams use curved hockey sticks try to drive a ball into the opponents' net;a game played on an ice rink by two opposing teams of six skaters each who try to knock a flat round puck into the opponents' goal with angled hockey sticks
5,hockey,noun,2,hockey%1:04:01::,冰上曲棍球；冰球,KEEP_SPLIT,草地曲棍球 | 冰上曲棍球；冰球,第一義是 field hockey，第二義才是 ice hockey。,high,reviewed_pending_user_approval,a game resembling ice hockey that is played on an open field; two opposing teams use curved hockey sticks try to drive a ball into the opponents' net;a game played on an ice rink by two opposing teams of six skaters each who try to knock a flat round puck into the opponents' goal with angled hockey sticks
5,mandate,noun,1,mandate%1:10:00::,正式命令；授權文件,KEEP_SPLIT,正式命令；授權文件 | 委任統治地；託管地（歷史） | 民意授權；選舉授權,第二義是第一次世界大戰後的委任統治制度；第三義是選舉賦予政府的授權。,high,reviewed_pending_user_approval,a document giving an official instruction or command;a territory surrendered by Turkey or Germany after World War I and put under the tutelage of some other European power until they are able to stand by themselves;the commission that is given to a government and its policies through an electoral victory
5,mandate,noun,2,mandate%1:15:00::,委任統治地；託管地（歷史）,KEEP_SPLIT,正式命令；授權文件 | 委任統治地；託管地（歷史） | 民意授權；選舉授權,第二義是第一次世界大戰後的委任統治制度；第三義是選舉賦予政府的授權。,high,reviewed_pending_user_approval,a document giving an official instruction or command;a territory surrendered by Turkey or Germany after World War I and put under the tutelage of some other European power until they are able to stand by themselves;the commission that is given to a government and its policies through an electoral victory
5,mandate,noun,3,mandate%1:04:00::,民意授權；選舉授權,KEEP_SPLIT,正式命令；授權文件 | 委任統治地；託管地（歷史） | 民意授權；選舉授權,第二義是第一次世界大戰後的委任統治制度；第三義是選舉賦予政府的授權。,high,reviewed_pending_user_approval,a document giving an official instruction or command;a territory surrendered by Turkey or Germany after World War I and put under the tutelage of some other European power until they are able to stand by themselves;the commission that is given to a government and its policies through an electoral victory
5,marine,adjective,1,marine%3:01:00::,海洋的,KEEP_SPLIT,海洋的 | 船舶的；航運的；航海的 | 海軍陸戰隊的,三個形容詞義需維持 adjective 形式。,high,reviewed_pending_user_approval,of or relating to the sea;relating to or involving ships or shipping or navigation or seamen;of or relating to military personnel who serve both on land and at sea (specifically the U.S. Marine Corps)
5,marine,adjective,2,marine%3:01:02::,船舶的；航運的；航海的,KEEP_SPLIT,海洋的 | 船舶的；航運的；航海的 | 海軍陸戰隊的,三個形容詞義需維持 adjective 形式。,high,reviewed_pending_user_approval,of or relating to the sea;relating to or involving ships or shipping or navigation or seamen;of or relating to military personnel who serve both on land and at sea (specifically the U.S. Marine Corps)
5,marine,adjective,3,marine%3:01:01::,海軍陸戰隊的,KEEP_SPLIT,海洋的 | 船舶的；航運的；航海的 | 海軍陸戰隊的,三個形容詞義需維持 adjective 形式。,high,reviewed_pending_user_approval,of or relating to the sea;relating to or involving ships or shipping or navigation or seamen;of or relating to military personnel who serve both on land and at sea (specifically the U.S. Marine Corps)
5,motive,noun,1,motive%1:03:00::,動機；原因,KEEP_SPLIT,動機；原因 | 音樂動機；主題（音樂） | 圖案；紋飾（建築／裝飾）,心理動機、音樂反覆主題與裝飾圖案為不同義。,high,reviewed_pending_user_approval,"the psychological feature that arouses an organism to action toward a desired goal; the reason for the action; that which gives purpose and direction to behavior;a theme that is repeated or elaborated in a piece of music;a design or figure that consists of recurring shapes or colors, as in architecture or decoration"
5,motive,noun,2,motive%1:10:00::,音樂動機；主題（音樂）,KEEP_SPLIT,動機；原因 | 音樂動機；主題（音樂） | 圖案；紋飾（建築／裝飾）,心理動機、音樂反覆主題與裝飾圖案為不同義。,high,reviewed_pending_user_approval,"the psychological feature that arouses an organism to action toward a desired goal; the reason for the action; that which gives purpose and direction to behavior;a theme that is repeated or elaborated in a piece of music;a design or figure that consists of recurring shapes or colors, as in architecture or decoration"
5,motive,noun,3,motive%1:06:00::,圖案；紋飾（建築／裝飾）,KEEP_SPLIT,動機；原因 | 音樂動機；主題（音樂） | 圖案；紋飾（建築／裝飾）,心理動機、音樂反覆主題與裝飾圖案為不同義。,high,reviewed_pending_user_approval,"the psychological feature that arouses an organism to action toward a desired goal; the reason for the action; that which gives purpose and direction to behavior;a theme that is repeated or elaborated in a piece of music;a design or figure that consists of recurring shapes or colors, as in architecture or decoration"
5,radiation,noun,1,radiation%1:19:00::,輻射；放射能量,KEEP_SPLIT,輻射；放射能量 | 放射；向外擴散 | 輻射病；放射線病,第三義是 exposure syndrome，不能只譯成「輻射」。,high,reviewed_pending_user_approval,"energy that is radiated or transmitted in the form of rays or waves or particles;the act of spreading outward from a central source;syndrome resulting from exposure to ionizing radiation (e.g., exposure to radioactive chemicals or to nuclear explosions); low doses cause diarrhea and nausea and vomiting and sometimes loss of hair; greater exposure can cause sterility and cataracts and some forms of cancer and other diseases; severe exposure can cause death within hours"
5,radiation,noun,2,radiation%1:04:00::,放射；向外擴散,KEEP_SPLIT,輻射；放射能量 | 放射；向外擴散 | 輻射病；放射線病,第三義是 exposure syndrome，不能只譯成「輻射」。,high,reviewed_pending_user_approval,"energy that is radiated or transmitted in the form of rays or waves or particles;the act of spreading outward from a central source;syndrome resulting from exposure to ionizing radiation (e.g., exposure to radioactive chemicals or to nuclear explosions); low doses cause diarrhea and nausea and vomiting and sometimes loss of hair; greater exposure can cause sterility and cataracts and some forms of cancer and other diseases; severe exposure can cause death within hours"
5,radiation,noun,3,radiation%1:26:00::,輻射病；放射線病,KEEP_SPLIT,輻射；放射能量 | 放射；向外擴散 | 輻射病；放射線病,第三義是 exposure syndrome，不能只譯成「輻射」。,high,reviewed_pending_user_approval,"energy that is radiated or transmitted in the form of rays or waves or particles;the act of spreading outward from a central source;syndrome resulting from exposure to ionizing radiation (e.g., exposure to radioactive chemicals or to nuclear explosions); low doses cause diarrhea and nausea and vomiting and sometimes loss of hair; greater exposure can cause sterility and cataracts and some forms of cancer and other diseases; severe exposure can cause death within hours"
5,rib,noun,1,rib%1:06:00::,肋狀支架；肋材,KEEP_SPLIT,肋狀支架；肋材 | 肋骨 | 帶骨肋排；肋肉,結構支架、骨骼與肉品義不同。,high,reviewed_pending_user_approval,support resembling the rib of an animal;any of the 12 pairs of curved arches of bone extending from the spine to or toward the sternum in humans (and similar bones in most vertebrates);cut of meat including one or more ribs
5,rib,noun,2,rib%1:08:01::,肋骨,KEEP_SPLIT,肋狀支架；肋材 | 肋骨 | 帶骨肋排；肋肉,結構支架、骨骼與肉品義不同。,high,reviewed_pending_user_approval,support resembling the rib of an animal;any of the 12 pairs of curved arches of bone extending from the spine to or toward the sternum in humans (and similar bones in most vertebrates);cut of meat including one or more ribs
5,rib,noun,3,rib%1:13:00::,帶骨肋排；肋肉,KEEP_SPLIT,肋狀支架；肋材 | 肋骨 | 帶骨肋排；肋肉,結構支架、骨骼與肉品義不同。,high,reviewed_pending_user_approval,support resembling the rib of an animal;any of the 12 pairs of curved arches of bone extending from the spine to or toward the sternum in humans (and similar bones in most vertebrates);cut of meat including one or more ribs
5,server,noun,1,server%1:18:01::,發球者（球類運動）,KEEP_SPLIT,發球者（球類運動） | 伺服器（資訊）,第一義為球類比賽發球者；原「服伺者」不自然。,high,reviewed_pending_user_approval,(court games) the player who serves to start a point;(computer science) a computer that provides client stations with access to files and printers as shared resources to a computer network
5,server,noun,2,server%1:06:01::,伺服器（資訊）,KEEP_SPLIT,發球者（球類運動） | 伺服器（資訊）,第一義為球類比賽發球者；原「服伺者」不自然。,high,reviewed_pending_user_approval,(court games) the player who serves to start a point;(computer science) a computer that provides client stations with access to files and printers as shared resources to a computer network
5,vein,noun,1,vein%1:08:00::,靜脈,KEEP_SPLIT,靜脈 | 風格；方式；調子 | 葉脈；葉片脈絡,人體血管、比喻風格與植物葉脈不同。,high,reviewed_pending_user_approval,a blood vessel that carries blood from the capillaries toward the heart;a distinctive style or manner;any of the vascular bundles or ribs that form the branching framework of conducting and supporting tissues in a leaf or other plant organ
5,vein,noun,2,vein%1:10:00::,風格；方式；調子,KEEP_SPLIT,靜脈 | 風格；方式；調子 | 葉脈；葉片脈絡,人體血管、比喻風格與植物葉脈不同。,high,reviewed_pending_user_approval,a blood vessel that carries blood from the capillaries toward the heart;a distinctive style or manner;any of the vascular bundles or ribs that form the branching framework of conducting and supporting tissues in a leaf or other plant organ
5,vein,noun,3,vein%1:20:00::,葉脈；葉片脈絡,KEEP_SPLIT,靜脈 | 風格；方式；調子 | 葉脈；葉片脈絡,人體血管、比喻風格與植物葉脈不同。,high,reviewed_pending_user_approval,a blood vessel that carries blood from the capillaries toward the heart;a distinctive style or manner;any of the vascular bundles or ribs that form the branching framework of conducting and supporting tissues in a leaf or other plant organ
6,addiction,noun,1,addiction%1:26:00::,成癮；依賴,KEEP_SPLIT,成癮；依賴 | 強烈渴望；癮 | 判給；交付（羅馬法）,第三義為罕見的羅馬法歷史用法，需加領域標籤。,medium,reviewed_pending_user_approval,being abnormally tolerant to and dependent on something that is psychologically or physically habit-forming (especially alcohol or narcotic drugs);an abnormally strong craving;(Roman law) a formal award by a magistrate of a thing or person to another person (as the award of a debtor to their creditor); a surrender to a master
6,addiction,noun,2,addiction%1:12:00::,強烈渴望；癮,KEEP_SPLIT,成癮；依賴 | 強烈渴望；癮 | 判給；交付（羅馬法）,第三義為罕見的羅馬法歷史用法，需加領域標籤。,medium,reviewed_pending_user_approval,being abnormally tolerant to and dependent on something that is psychologically or physically habit-forming (especially alcohol or narcotic drugs);an abnormally strong craving;(Roman law) a formal award by a magistrate of a thing or person to another person (as the award of a debtor to their creditor); a surrender to a master
6,addiction,noun,3,addiction%1:04:00::,判給；交付（羅馬法）,KEEP_SPLIT,成癮；依賴 | 強烈渴望；癮 | 判給；交付（羅馬法）,第三義為罕見的羅馬法歷史用法，需加領域標籤。,medium,reviewed_pending_user_approval,being abnormally tolerant to and dependent on something that is psychologically or physically habit-forming (especially alcohol or narcotic drugs);an abnormally strong craving;(Roman law) a formal award by a magistrate of a thing or person to another person (as the award of a debtor to their creditor); a surrender to a master
6,nickel,noun,1,nickel%1:27:00::,鎳（金屬）,KEEP_SPLIT,鎳（金屬） | 五美分硬幣 | 五美元份量的毒品（俚語）,第三義是俚語金額／毒品用法，應明確標示俚語。,medium,reviewed_pending_user_approval,a hard malleable ductile silvery metallic element that is resistant to corrosion; used in alloys; occurs in pentlandite and smaltite and garnierite and millerite;a United States coin worth one twentieth of a dollar;five dollars worth of a drug
6,nickel,noun,2,nickel%1:21:00::,五美分硬幣,KEEP_SPLIT,鎳（金屬） | 五美分硬幣 | 五美元份量的毒品（俚語）,第三義是俚語金額／毒品用法，應明確標示俚語。,medium,reviewed_pending_user_approval,a hard malleable ductile silvery metallic element that is resistant to corrosion; used in alloys; occurs in pentlandite and smaltite and garnierite and millerite;a United States coin worth one twentieth of a dollar;five dollars worth of a drug
6,nickel,noun,3,nickel%1:21:01::,五美元份量的毒品（俚語）,KEEP_SPLIT,鎳（金屬） | 五美分硬幣 | 五美元份量的毒品（俚語）,第三義是俚語金額／毒品用法，應明確標示俚語。,medium,reviewed_pending_user_approval,a hard malleable ductile silvery metallic element that is resistant to corrosion; used in alloys; occurs in pentlandite and smaltite and garnierite and millerite;a United States coin worth one twentieth of a dollar;five dollars worth of a drug
6,parliament,noun,1,parliament%1:14:00::,國會；議會,KEEP_SPLIT,國會；議會 | 以七點牌起手的接龍紙牌遊戲,第二義為紙牌遊戲；來源未提供固定中文專名，採描述性翻譯較安全。,medium,reviewed_pending_user_approval,a legislative assembly in certain countries;a card game in which you play your sevens and other cards in sequence in the same suit as the sevens; you win if you are the first to use all your cards
6,parliament,noun,2,parliament%1:04:00::,以七點牌起手的接龍紙牌遊戲,KEEP_SPLIT,國會；議會 | 以七點牌起手的接龍紙牌遊戲,第二義為紙牌遊戲；來源未提供固定中文專名，採描述性翻譯較安全。,medium,reviewed_pending_user_approval,a legislative assembly in certain countries;a card game in which you play your sevens and other cards in sequence in the same suit as the sevens; you win if you are the first to use all your cards
6,plague,noun,1,plague%1:26:00::,鼠疫,KEEP_SPLIT,鼠疫 | 瘟疫；致命流行病 | 蟲害；蟲群,鼠疫、廣義高死亡率傳染病與侵害植物的昆蟲群不同。,high,reviewed_pending_user_approval,a serious (sometimes fatal) infection of rodents caused by Yersinia pestis and accidentally transmitted to humans by the bite of a flea that has bitten an infected animal;any epidemic disease with a high death rate;a swarm of insects that attack plants
6,plague,noun,2,plague%1:26:01::,瘟疫；致命流行病,KEEP_SPLIT,鼠疫 | 瘟疫；致命流行病 | 蟲害；蟲群,鼠疫、廣義高死亡率傳染病與侵害植物的昆蟲群不同。,high,reviewed_pending_user_approval,a serious (sometimes fatal) infection of rodents caused by Yersinia pestis and accidentally transmitted to humans by the bite of a flea that has bitten an infected animal;any epidemic disease with a high death rate;a swarm of insects that attack plants
6,plague,noun,3,plague%1:14:00::,蟲害；蟲群,KEEP_SPLIT,鼠疫 | 瘟疫；致命流行病 | 蟲害；蟲群,鼠疫、廣義高死亡率傳染病與侵害植物的昆蟲群不同。,high,reviewed_pending_user_approval,a serious (sometimes fatal) infection of rodents caused by Yersinia pestis and accidentally transmitted to humans by the bite of a flea that has bitten an infected animal;any epidemic disease with a high death rate;a swarm of insects that attack plants
6,tornado,noun,1,tornado%1:19:00::,龍捲風,KEEP_SPLIT,龍捲風 | 強效純化古柯鹼（毒品俚語）,第二義是罕見毒品俚語，來源只支持描述性翻譯，不額外套用特定街頭名稱。,medium,reviewed_pending_user_approval,a localized and violently destructive windstorm occurring over land characterized by a funnel-shaped cloud extending toward the ground;a purified and potent form of cocaine that is smoked rather than snorted; highly addictive
6,tornado,noun,2,tornado%1:06:00::,強效純化古柯鹼（毒品俚語）,KEEP_SPLIT,龍捲風 | 強效純化古柯鹼（毒品俚語）,第二義是罕見毒品俚語，來源只支持描述性翻譯，不額外套用特定街頭名稱。,medium,reviewed_pending_user_approval,a localized and violently destructive windstorm occurring over land characterized by a funnel-shaped cloud extending toward the ground;a purified and potent form of cocaine that is smoked rather than snorted; highly addictive
