id,level,wordId,word,partOfSpeech,classification,currentMeaningZhTW,suggestedSeparateMeanings,englishDefinitions,sourceSenseIds,reviewStatus,provenance
"L6-Q-1","6","addiction-5030","addiction","noun","CLEAR_OVER_MERGE","入迷","入迷 (義項 1) | 入迷 (義項 2) | 入迷 (義項 3)","being abnormally tolerant to and dependent on something that is psychologically or physically habit-forming (especially alcohol or narcotic drugs) | an abnormally strong craving | (Roman law) a formal award by a magistrate of a thing or person to another person (as the award of a debtor to their creditor); a surrender to a master","addiction%1:26:00:: | addiction%1:12:00:: | addiction%1:04:00::","NEEDS_REVIEW","AUDIT_DETECTOR"
"L6-Q-2","6","avert-5079","avert","verb","CLEAR_OVER_MERGE","轉開","轉開 (義項 1) | 轉開 (義項 2)","prevent the occurrence of; prevent from happening; to protect from or to keep away anything undesirable; to ward off | turn away or aside","avert%2:41:00:: | avert%2:38:00::","NEEDS_REVIEW","AUDIT_DETECTOR"
"L6-Q-3","6","aviation-5080","aviation","noun","CLEAR_OVER_MERGE","航空","航空 (義項 1) | 航空 (義項 2) | 航空 (義項 3)","the aggregation of a country's military aircraft | the operation of aircraft to provide transportation | the art of operating aircraft","aviation%1:14:00:: | aviation%1:14:01:: | aviation%1:09:00::","NEEDS_REVIEW","AUDIT_DETECTOR"
"L6-Q-4","6","boxing-5104","boxing","noun","CLEAR_OVER_MERGE","拳擊","拳擊 (義項 1) | 拳擊 (義項 2)","fighting with the fists | the enclosure of something in a package or box","boxing%1:04:00:: | boxing%1:04:01::","NEEDS_REVIEW","AUDIT_DETECTOR"
"L6-Q-5","6","breakup-5110","breakup","noun","CLEAR_OVER_MERGE","分裂","分裂 (義項 1) | 分裂 (義項 2)","the termination or disintegration of a relationship (between persons or nations) | coming apart","breakup%1:04:00:: | breakup%1:11:00::","NEEDS_REVIEW","AUDIT_DETECTOR"
"L6-Q-6","6","brotherhood-5118","brotherhood","noun","CLEAR_OVER_MERGE","手足情誼","手足情誼 (義項 1) | 手足情誼 (義項 2) | 手足情誼 (義項 3)","the kinship relation between a male offspring and the siblings | people engaged in a particular occupation | the feeling that men should treat one another like brothers","brotherhood%1:24:00:: | brotherhood%1:14:00:: | brotherhood%1:12:00::","NEEDS_REVIEW","AUDIT_DETECTOR"
"L6-Q-7","6","casualty-5136","casualty","noun","CLEAR_OVER_MERGE","意外事故","意外事故 (義項 1) | 意外事故 (義項 2) | 意外事故 (義項 3)","someone injured or killed or captured or missing in a military engagement | someone injured or killed in an accident | an accident that causes someone to die","casualty%1:18:01:: | casualty%1:18:00:: | casualty%1:11:02::","NEEDS_REVIEW","AUDIT_DETECTOR"
"L6-Q-8","6","concession-5185","concession","noun","CLEAR_OVER_MERGE","特許","特許 (義項 1) | 特許 (義項 2) | 特許 (義項 3)","a contract granting the right to operate a subsidiary business | the act of conceding or yielding | a point conceded or yielded","concession%1:10:00:: | concession%1:10:02:: | concession%1:10:01::","NEEDS_REVIEW","AUDIT_DETECTOR"
"L6-Q-9","6","cozy-5211","cozy","adjective","CLEAR_OVER_MERGE","舒適的","舒適的 (義項 1) | 舒適的 (義項 2) | 舒適的 (義項 3)","enjoying or affording comforting warmth and shelter especially in a small space | having or fostering a warm or friendly and informal atmosphere | suggesting connivance","cozy%5:00:00:comfortable:00 | cozy%5:00:00:friendly:01 | cozy%5:00:00:close:02","NEEDS_REVIEW","AUDIT_DETECTOR"
"L6-Q-10","6","cub-5221","cub","noun","CLEAR_OVER_MERGE","幼獸","幼獸 (義項 1) | 幼獸 (義項 2) | 幼獸 (義項 3)","an awkward and inexperienced youth | a male child (a familiar term of address to a boy) | the young of certain carnivorous mammals such as the bear or wolf or lion","cub%1:18:01:: | cub%1:18:00:: | cub%1:05:00::","NEEDS_REVIEW","AUDIT_DETECTOR"
"L6-Q-11","6","cultivate-5223","cultivate","verb","CLEAR_OVER_MERGE","培養","培養 (義項 1) | 培養 (義項 2) | 培養 (義項 3)","prepare for crops | teach or refine to be discriminative in taste or judgment | adapt (a wild plant or unclaimed land) to the environment","cultivate%2:36:01:: | cultivate%2:41:00:: | cultivate%2:30:01::","NEEDS_REVIEW","AUDIT_DETECTOR"
"L6-Q-12","6","descent-5243","descent","noun","CLEAR_OVER_MERGE","降落","降落 (義項 1) | 降落 (義項 2) | 降落 (義項 3)","a movement downward | properties attributable to your ancestry | the act of changing your location in a downward direction","descent%1:11:00:: | descent%1:07:00:: | descent%1:04:00::","NEEDS_REVIEW","AUDIT_DETECTOR"
"L6-Q-13","6","dismay-5272","dismay","noun","CLEAR_OVER_MERGE","沮喪","沮喪 (義項 1) | 沮喪 (義項 2)","the feeling of despair in the face of obstacles | fear resulting from the awareness of danger","dismay%1:12:02:: | dismay%1:12:00::","NEEDS_REVIEW","AUDIT_DETECTOR"
"L6-Q-14","6","dispose-5277","dispose","verb","CLEAR_OVER_MERGE","處理","處理 (義項 1) | 處理 (義項 2) | 處理 (義項 3)","give, sell, or transfer to another | throw or cast away | make receptive or willing towards an action or attitude or belief","dispose%2:40:11:: | dispose%2:40:00:: | dispose%2:31:00::","NEEDS_REVIEW","AUDIT_DETECTOR"
"L6-Q-15","6","diversion-5283","diversion","noun","CLEAR_OVER_MERGE","轉移","轉移 (義項 1) | 轉移 (義項 2) | 轉移 (義項 3)","an activity that diverts or amuses or stimulates | a turning aside (of your course or attention or concern) | an attack calculated to draw enemy defense away from the point of the principal attack","diversion%1:04:00:: | diversion%1:04:01:: | diversion%1:04:02::","NEEDS_REVIEW","AUDIT_DETECTOR"
"L6-Q-16","6","downward-5288","downward","adjective","CLEAR_OVER_MERGE","向下的","向下的 (義項 1) | 向下的 (義項 2)","extending or moving from a higher to a lower place | on or toward a surface regarded as a base","downward%5:00:00:descending:00 | downward%5:00:00:down:00","NEEDS_REVIEW","AUDIT_DETECTOR"
"L6-Q-17","6","dresser-5293","dresser","noun","CLEAR_OVER_MERGE","化妝臺","化妝臺 (義項 1) | 化妝臺 (義項 2)","furniture with drawers for keeping clothes | a wardrobe assistant for an actor","dresser%1:06:00:: | dresser%1:18:00::","NEEDS_REVIEW","AUDIT_DETECTOR"
"L6-Q-18","6","enrich(ment)-5317","enrich(ment)","noun","CLEAR_OVER_MERGE","使富足","使富足 (義項 1) | 使富足 (義項 2)","act of making fuller or more meaningful or rewarding | a gift that significantly increases the recipient's wealth","enrichment%1:04:00:: | enrichment%1:21:00::","NEEDS_REVIEW","AUDIT_DETECTOR"
"L6-Q-19","6","familiarity-5347","familiarity","noun","CLEAR_OVER_MERGE","熟悉","熟悉 (義項 1) | 熟悉 (義項 2) | 熟悉 (義項 3)","personal knowledge or information about someone or something | usualness by virtue of being familiar or well known | close or warm friendship","familiarity%1:09:00:: | familiarity%1:07:01:: | familiarity%1:07:02::","NEEDS_REVIEW","AUDIT_DETECTOR"
"L6-Q-20","6","fin-5355","fin","noun","CLEAR_OVER_MERGE","鰭","鰭 (義項 1) | 鰭 (義項 2) | 鰭 (義項 3)","the cardinal number that is the sum of four and one | one of a pair of decorations projecting above the rear fenders of an automobile | one of a set of parallel slats in a door or window to admit air and reject rain","fin%1:23:00:: | fin%1:06:03:: | fin%1:06:01::","NEEDS_REVIEW","AUDIT_DETECTOR"
"L6-Q-21","6","flourish-5362","flourish","verb","POSSIBLE_OVER_MERGE","繁榮","繁榮 (義項 1) | 繁榮 (義項 2) | 繁榮 (義項 3)","grow vigorously | make steady progress; be at the high point in one's career or reach a high point in historical significance or importance | move or swing back and forth","flourish%2:30:01:: | flourish%2:40:00:: | flourish%2:35:00::","NEEDS_REVIEW","AUDIT_DETECTOR"
"L6-Q-22","6","foe-5364","foe","noun","CLEAR_OVER_MERGE","仇敵","仇敵 (義項 1) | 仇敵 (義項 2)","an armed adversary (especially a member of an opposing military force) | a personal enemy","foe%1:18:01:: | foe%1:18:00::","NEEDS_REVIEW","AUDIT_DETECTOR"
"L6-Q-23","6","fortify-5370","fortify","verb","CLEAR_OVER_MERGE","設要塞於","設要塞於 (義項 1) | 設要塞於 (義項 2) | 設要塞於 (義項 3)","make strong or stronger | enclose by or as if by a fortification | prepare oneself for a military confrontation","fortify%2:30:01:: | fortify%2:35:00:: | fortify%2:33:00::","NEEDS_REVIEW","AUDIT_DETECTOR"
"L6-Q-24","6","gauge-5386","gauge","noun","CLEAR_OVER_MERGE","標準度量","標準度量 (義項 1) | 標準度量 (義項 2) | 標準度量 (義項 3)","a measuring instrument for measuring and indicating a quantity such as the thickness of wire or the amount of rain etc. | accepted or approved instance or example of a quantity or quality against which others are judged or measured or compared | the distance between the rails of a railway or between the wheels of a train","gauge%1:06:00:: | gauge%1:24:00:: | gauge%1:07:00::","NEEDS_REVIEW","AUDIT_DETECTOR"
"L6-Q-25","6","hacker-5407","hacker","noun","CLEAR_OVER_MERGE","駭客","駭客 (義項 1) | 駭客 (義項 2)","a programmer for whom computing is its own reward; may enjoy the challenge of breaking into other computers but does no harm | one who works hard at boring tasks","hacker%1:18:01:: | hacker%1:18:00::","NEEDS_REVIEW","AUDIT_DETECTOR"
"L6-Q-26","6","harass(ment)-5412","harass(ment)","verb","CLEAR_OVER_MERGE","騷擾","騷擾 (義項 1) | 騷擾 (義項 2)","annoy continually or chronically | exhaust by attacking repeatedly","harass%2:37:00:: | harass%2:33:00::","NEEDS_REVIEW","AUDIT_DETECTOR"
"L6-Q-27","6","harass(ment)-5412","harass(ment)","noun","CLEAR_OVER_MERGE","騷擾","騷擾 (義項 1) | 騷擾 (義項 2)","a feeling of intense annoyance caused by being tormented | the act of tormenting by continued persistent attacks and criticism","harassment%1:12:00:: | harassment%1:04:00::","NEEDS_REVIEW","AUDIT_DETECTOR"
"L6-Q-28","6","hearty-5419","hearty","adjective","CLEAR_OVER_MERGE","誠懇的","誠懇的 (義項 1) | 誠懇的 (義項 2) | 誠懇的 (義項 3)","showing warm and heartfelt friendliness | providing abundant nourishment | endowed with or exhibiting great bodily or mental health","hearty%5:00:00:warm:02 | hearty%5:00:00:wholesome:00 | hearty%5:00:02:healthy:00","NEEDS_REVIEW","AUDIT_DETECTOR"
"L6-Q-29","6","incline-5450","incline","verb","CLEAR_OVER_MERGE","傾斜","傾斜 (義項 1) | 傾斜 (義項 2) | 傾斜 (義項 3)","have a tendency or disposition to do or be something; be inclined | bend or turn (one's ear) towards a speaker in order to listen well | lower or bend (the head or upper body), as in a nod or bow","incline%2:42:01:: | incline%2:39:00:: | incline%2:38:01::","NEEDS_REVIEW","AUDIT_DETECTOR"
"L6-Q-30","6","intimacy-5473","intimacy","noun","CLEAR_OVER_MERGE","親密","親密 (義項 1) | 親密 (義項 2) | 親密 (義項 3)","close or warm friendship | a usually secretive or illicit sexual relationship | a feeling of being intimate and belonging together","intimacy%1:07:02:: | intimacy%1:26:00:: | intimacy%1:12:00::","NEEDS_REVIEW","AUDIT_DETECTOR"
"L6-Q-31","6","lease-5506","lease","noun","CLEAR_OVER_MERGE","租約","租約 (義項 1) | 租約 (義項 2) | 租約 (義項 3)","property that is leased or rented out or let | a contract granting use or occupation of property during a specified time for a specified payment | the period of time during which a contract conveying property to a person is in effect","lease%1:21:00:: | lease%1:10:00:: | lease%1:28:00::","NEEDS_REVIEW","AUDIT_DETECTOR"
"L6-Q-32","6","lieutenant-5515","lieutenant","noun","CLEAR_OVER_MERGE","中尉","中尉 (義項 1) | 中尉 (義項 2) | 中尉 (義項 3)","a commissioned military officer | an officer in a police force | an assistant with power to act when their superior is absent","lieutenant%1:18:01:: | lieutenant%1:18:00:: | lieutenant%1:18:02::","NEEDS_REVIEW","AUDIT_DETECTOR"
"L6-Q-33","6","lure-5542","lure","noun","CLEAR_OVER_MERGE","餌","餌 (義項 1) | 餌 (義項 2) | 餌 (義項 3)","qualities that attract by seeming to promise some kind of reward | anything that serves as an enticement | something used to lure fish or other animals into danger so they can be trapped or killed","lure%1:07:00:: | lure%1:09:00:: | lure%1:06:00::","NEEDS_REVIEW","AUDIT_DETECTOR"
"L6-Q-34","6","mar-5552","mar","verb","POSSIBLE_OVER_MERGE","損毀","損毀 (義項 1) | 損毀 (義項 2)","make imperfect | destroy or injure severely","mar%2:30:00:: | mar%2:29:00::","NEEDS_REVIEW","AUDIT_DETECTOR"
"L6-Q-35","6","martial-5554","martial","adjective","CLEAR_OVER_MERGE","戰爭的","戰爭的 (義項 1) | 戰爭的 (義項 2) | 戰爭的 (義項 3)","(of persons) befitting a warrior | suggesting war or military life | of or relating to the armed forces","martial%5:00:02:military:02 | martial%5:00:00:military:02 | martial%5:00:00:military:01","NEEDS_REVIEW","AUDIT_DETECTOR"
"L6-Q-36","6","mobilize-5572","mobilize","verb","CLEAR_OVER_MERGE","動員","動員 (義項 1) | 動員 (義項 2) | 動員 (義項 3)","make ready for action or use | call to arms; of military personnel | get ready for war","mobilize%2:30:02:: | mobilize%2:33:01:: | mobilize%2:33:00::","NEEDS_REVIEW","AUDIT_DETECTOR"
"L6-Q-37","6","monarch-5576","monarch","noun","CLEAR_OVER_MERGE","帝王","帝王 (義項 1) | 帝王 (義項 2)","a nation's ruler or head of state usually by hereditary right | large migratory American butterfly having deep orange wings with black and white markings; the larvae feed on milkweed","monarch%1:18:00:: | monarch%1:05:00::","NEEDS_REVIEW","AUDIT_DETECTOR"
"L6-Q-38","6","nickel-5599","nickel","noun","CLEAR_OVER_MERGE","鎳","鎳 (義項 1) | 鎳 (義項 2) | 鎳 (義項 3)","a hard malleable ductile silvery metallic element that is resistant to corrosion; used in alloys; occurs in pentlandite and smaltite and garnierite and millerite | a United States coin worth one twentieth of a dollar | five dollars worth of a drug","nickel%1:27:00:: | nickel%1:21:00:: | nickel%1:21:01::","NEEDS_REVIEW","AUDIT_DETECTOR"
"L6-Q-39","6","oblige-5611","oblige","verb","CLEAR_OVER_MERGE","強制","強制 (義項 1) | 強制 (義項 2) | 強制 (義項 3)","force somebody to do something | bind by an obligation; cause to be indebted | provide a service or favor for someone","oblige%2:41:00:: | oblige%2:32:00:: | oblige%2:32:01::","NEEDS_REVIEW","AUDIT_DETECTOR"
"L6-Q-40","6","orderly-5623","orderly","noun","CLEAR_OVER_MERGE","有秩序的","有秩序的 (義項 1) | 有秩序的 (義項 2)","a soldier who serves as an attendant to a superior officer | a male hospital attendant who has general duties that do not involve the medical treatment of patients","orderly%1:18:01:: | orderly%1:18:00::","NEEDS_REVIEW","AUDIT_DETECTOR"
"L6-Q-41","6","parliament-5657","parliament","noun","CLEAR_OVER_MERGE","國會","國會 (義項 1) | 國會 (義項 2)","a legislative assembly in certain countries | a card game in which you play your sevens and other cards in sequence in the same suit as the sevens; you win if you are the first to use all your cards","parliament%1:14:00:: | parliament%1:04:00::","NEEDS_REVIEW","AUDIT_DETECTOR"
"L6-Q-42","6","perch-5666","perch","noun","CLEAR_OVER_MERGE","棲木","棲木 (義項 1) | 棲木 (義項 2) | 棲木 (義項 3)","support consisting of a branch or rod that serves as a resting place (especially for a bird) | a linear measure of 16.5 feet | a square rod of land","perch%1:06:00:: | perch%1:23:01:: | perch%1:23:02::","NEEDS_REVIEW","AUDIT_DETECTOR"
"L6-Q-43","6","plague-5682","plague","noun","CLEAR_OVER_MERGE","瘟疫","瘟疫 (義項 1) | 瘟疫 (義項 2) | 瘟疫 (義項 3)","a serious (sometimes fatal) infection of rodents caused by Yersinia pestis and accidentally transmitted to humans by the bite of a flea that has bitten an infected animal | any epidemic disease with a high death rate | a swarm of insects that attack plants","plague%1:26:00:: | plague%1:26:01:: | plague%1:14:00::","NEEDS_REVIEW","AUDIT_DETECTOR"
"L6-Q-44","6","procession-5709","procession","noun","CLEAR_OVER_MERGE","隊伍","隊伍 (義項 1) | 隊伍 (義項 2) | 隊伍 (義項 3)","(theology) the origination of the Holy Spirit at Pentecost | the group action of a collection of people or animals or vehicles moving ahead in more or less regular formation | the act of moving forward (as toward a goal)","procession%1:11:00:: | procession%1:04:00:: | procession%1:04:01::","NEEDS_REVIEW","AUDIT_DETECTOR"
"L6-Q-45","6","propel-5712","propel","verb","CLEAR_OVER_MERGE","推進","推進 (義項 1) | 推進 (義項 2)","cause to move forward with force | give an incentive for action","propel%2:35:00:: | propel%2:36:00::","NEEDS_REVIEW","AUDIT_DETECTOR"
"L6-Q-46","6","radiate-5731","radiate","verb","CLEAR_OVER_MERGE","放射","放射 (義項 1) | 放射 (義項 2) | 放射 (義項 3)","send out rays or waves | send out real or metaphoric rays; the children radiated joyous energy | extend or spread outward from a center or focus or inward towards a center","radiate%2:43:00:: | radiate%2:30:00:: | radiate%2:42:00::","NEEDS_REVIEW","AUDIT_DETECTOR"
"L6-Q-47","6","referee-5746","referee","noun","CLEAR_OVER_MERGE","仲裁人","仲裁人 (義項 1) | 仲裁人 (義項 2) | 仲裁人運動","(sports) the chief official (as in boxing or American football) who is expected to ensure fair play | someone who reads manuscripts and judges their suitability for publication | an attorney appointed by a court to investigate and report on a case","referee%1:18:00:: | referee%1:18:01:: | referee%1:18:02::","NEEDS_REVIEW","AUDIT_DETECTOR"
"L6-Q-48","6","salute-5792","salute","noun","CLEAR_OVER_MERGE","行禮","行禮運動 | 行禮 (義項 2) | 行禮 (義項 3)","an act of honor or courteous recognition | a formal military gesture of respect | an act of greeting with friendly words and gestures like bowing or lifting the hat","salute%1:10:00:: | salute%1:10:01:: | salute%1:10:02::","NEEDS_REVIEW","AUDIT_DETECTOR"
"L6-Q-49","6","scrape-5798","scrape","noun","CLEAR_OVER_MERGE","刮","刮 (義項 1) | 刮 (義項 2) | 刮 (義項 3)","a harsh noise made by scraping | an abraded area where the skin is torn or worn off | a deep bow with the foot drawn backwards (indicating excessive humility)","scrape%1:11:00:: | scrape%1:26:00:: | scrape%1:10:00::","NEEDS_REVIEW","AUDIT_DETECTOR"
"L6-Q-50","6","sergeant-5807","sergeant","noun","CLEAR_OVER_MERGE","警察小隊長","警察小隊長 (義項 1) | 警察小隊長 (義項 2) | 警察小隊長 (義項 3)","any of several noncommissioned officer ranks in the Army or Air Force or Marines ranking above a corporal | a lawman with the rank of sergeant | an English barrister of the highest rank","sergeant%1:18:01:: | sergeant%1:18:00:: | sergeant%1:18:02::","NEEDS_REVIEW","AUDIT_DETECTOR"
"L6-Q-51","6","shortsighted-5816","shortsighted","adjective","CLEAR_OVER_MERGE","近視的","近視的 (義項 1) | 近視的 (義項 2) | 近視的 (義項 3)","lacking foresight or scope | unable to see distant objects clearly | not given careful consideration","shortsighted%5:00:00:improvident:00 | shortsighted%3:00:00:: | shortsighted%5:00:00:imprudent:00","NEEDS_REVIEW","AUDIT_DETECTOR"
"L6-Q-52","6","spiral-5856","spiral","noun","CLEAR_OVER_MERGE","螺旋形之物","螺旋形之物 (義項 1) | 螺旋形之物 (義項 2) | 螺旋形之物 (義項 3)","a plane curve traced by a point circling about the center but at increasing distances from the center | a curve that lies on the surface of a cylinder or cone and cuts the element at a constant angle | a continuously accelerating change in the economy","spiral%1:25:00:: | spiral%1:25:01:: | spiral%1:22:00::","NEEDS_REVIEW","AUDIT_DETECTOR"
"L6-Q-53","6","subsidize-5889","subsidize","verb","CLEAR_OVER_MERGE","補助","補助 (義項 1) | 補助 (義項 2)","support through subsidies | secure the assistance of by granting a subsidy, as of nations or military forces","subsidize%2:40:00:: | subsidize%2:40:01::","NEEDS_REVIEW","AUDIT_DETECTOR"
"L6-Q-54","6","surge-5901","surge","verb","CLEAR_OVER_MERGE","巨湧","巨湧 (義項 1) | 巨湧 (義項 2) | 巨湧 (義項 3)","rise and move, as in waves or billows | rise rapidly | rise or move forward","surge%2:38:01:: | surge%2:38:00:: | surge%2:38:03::","NEEDS_REVIEW","AUDIT_DETECTOR"
"L6-Q-55","6","symmetry-5910","symmetry","noun","CLEAR_OVER_MERGE","對稱","對稱（數學平面） | 對稱 (義項 2) | 對稱 (義項 3)","(mathematics) an attribute of a shape or relation; exact reflection of form on opposite sides of a dividing line or plane | balance among the parts of something | (physics) the property of being isotropic; having the same value when measured in different directions","symmetry%1:07:00:: | symmetry%1:25:00:: | symmetry%1:07:01::","NEEDS_REVIEW","AUDIT_DETECTOR"
"L6-Q-56","6","tenant-5921","tenant","noun","CLEAR_OVER_MERGE","承租人","承租人 (義項 1) | 承租人 (義項 2) | 承租人 (義項 3)","someone who pays rent to use land or a building or a car that is owned by someone else | a holder of buildings or lands by any kind of title (as ownership or lease) | any occupant who dwells in a place","tenant%1:18:00:: | tenant%1:18:02:: | tenant%1:18:01::","NEEDS_REVIEW","AUDIT_DETECTOR"
"L6-Q-57","6","tilt-5927","tilt","noun","CLEAR_OVER_MERGE","傾斜","傾斜 (義項 1) | 傾斜 (義項 2) | 傾斜 (義項 3)","a combat between two mounted knights tilting against each other with blunted lances | a contentious speech act; a dispute where there is strong disagreement | a slight but noticeable partiality","tilt%1:11:01:: | tilt%1:10:00:: | tilt%1:09:00::","NEEDS_REVIEW","AUDIT_DETECTOR"
"L6-Q-58","6","tornado-5931","tornado","noun","CLEAR_OVER_MERGE","旋風","旋風 (義項 1) | 旋風 (義項 2)","a localized and violently destructive windstorm occurring over land characterized by a funnel-shaped cloud extending toward the ground | a purified and potent form of cocaine that is smoked rather than snorted; highly addictive","tornado%1:19:00:: | tornado%1:06:00::","NEEDS_REVIEW","AUDIT_DETECTOR"
"L6-Q-59","6","treasury-5937","treasury","noun","CLEAR_OVER_MERGE","國庫","國庫 (義項 1) | 國庫 (義項 2) | 國庫 (義項 3)","the funds of a government or institution or individual | the government department responsible for collecting and managing and spending public revenues | a depository (a room or building) where wealth and precious objects can be kept safely","treasury%1:21:00:: | treasury%1:14:00:: | treasury%1:06:00::","NEEDS_REVIEW","AUDIT_DETECTOR"
"L6-Q-60","6","underneath-5951","underneath","adverb","CLEAR_OVER_MERGE","在……下面","在……下面 (義項 1) | 在……下面 (義項 2)","on the lower or downward side; on the underside of | under or below an object or a surface; at a lower place or level; directly beneath","underneath%4:02:01:: | underneath%4:02:00::","NEEDS_REVIEW","AUDIT_DETECTOR"
"L6-Q-61","6","upward-5959","upward","adjective","CLEAR_OVER_MERGE","向上的","向上的 (義項 1) | 向上的 (義項 2)","directed up | extending or moving toward a higher place","upward%5:00:00:up:00 | upward%5:00:00:ascending:00","NEEDS_REVIEW","AUDIT_DETECTOR"
"L6-Q-62","6","victor-5977","victor","noun","CLEAR_OVER_MERGE","勝利者","勝利者 (義項 1) | 勝利者 (義項 2)","a combatant who is able to defeat rivals | the contestant who wins the contest","victor%1:18:01:: | victor%1:18:00::","NEEDS_REVIEW","AUDIT_DETECTOR"
"L6-Q-63","6","ward-5992","ward","noun","CLEAR_OVER_MERGE","病房","病房 (義項 1) | 病房 (義項 2)","a district into which a city or town is divided for the purpose of administration and elections | block forming a division of a hospital (or a suite of rooms) shared by patients who need a similar kind of care","ward%1:15:00:: | ward%1:06:00::","NEEDS_REVIEW","AUDIT_DETECTOR"
"L6-Q-64","6","wrestle-6007","wrestle","verb","CLEAR_OVER_MERGE","摔跤","摔跤 (義項 1) | 摔跤 (義項 2) | 摔跤 (義項 3)","combat to overcome an opposing tendency or force | engage in deep thought, consideration, or debate | to move in a twisting or contorted motion, (especially when struggling)","wrestle%2:33:01:: | wrestle%2:32:00:: | wrestle%2:38:00::","NEEDS_REVIEW","AUDIT_DETECTOR"
"L6-Q-65","6","zoom-6012","zoom","noun","CLEAR_OVER_MERGE","急速上升","急速上升 (義項 1) | 急速上升 (義項 2)","a rapid rise | the act of rising upward into the air","zoom%1:11:00:: | zoom%1:04:00::","NEEDS_REVIEW","AUDIT_DETECTOR"