id,level,word,partOfSpeech,tier,classification,currentMeaningZhTW,suggestedSeparateMeanings,englishDefinitions,sourceSenseIds,tierRationale,reviewStatus
"L3-G1","3","acceptable","adjective","RECOMMENDED_REVIEW","CLEAR_OVER_MERGE","可接受的","可接受的 (義項 1) | 可接受的 (義項 2) | 可接受的 (義項 3)","worthy of acceptance or satisfactory | judged to be in conformity with approved usage | meeting requirements","acceptable%3:00:00:: | acceptable%5:00:00:standard:03 | acceptable%5:00:00:good:01","Clear domain or usage distinction between English senses. Candidate candidate differentiation prepared for human review.","NEEDS_REVIEW"
"L3-G2","3","agriculture","noun","RECOMMENDED_REVIEW","CLEAR_OVER_MERGE","農業","農業 (義項 1) | 農業 (義項 2) | 農業 (義項 3)","a large-scale farming enterprise | the practice of cultivating the land or raising stock | the class of people engaged in growing food","agriculture%1:04:01:: | agriculture%1:04:00:: | agriculture%1:14:00::","Clear domain or usage distinction between English senses. Candidate candidate differentiation prepared for human review.","NEEDS_REVIEW"
"L3-G3","3","alley","noun","RECOMMENDED_REVIEW","CLEAR_OVER_MERGE","小路","小路（植物） | 小路（軍事）","a narrow street with walls on both sides | a lane down which a bowling ball is rolled toward pins","alley%1:06:00:: | alley%1:06:01::","植物學領域； 軍事用語。Clear domain or usage distinction between English senses. Candidate candidate differentiation prepared for human review.","NEEDS_REVIEW"
"L3-G4","3","armed","adjective","RECOMMENDED_REVIEW","CLEAR_OVER_MERGE","有扶手的","有扶手的（人物） | 有扶手的 (義項 2) | 有扶手的（植物）","(used of persons or the military) characterized by having or bearing arms | having arms or arms as specified; used especially in combination | (used of plants and animals) furnished with bristles and thorns","armed%3:00:01:: | armed%3:00:03:: | armed%3:00:02::","Clear domain or usage distinction between English senses. Candidate candidate differentiation prepared for human review.","NEEDS_REVIEW"
"L3-G5","3","attract","verb","RECOMMENDED_REVIEW","CLEAR_OVER_MERGE","吸引","吸引（軍事） | 吸引 (義項 2) | 吸引 (義項 3)","direct toward itself or oneself by means of some psychological power or physical attributes | be attractive to | exert a force on (a body) causing it to approach or prevent it from moving away","attract%2:35:00:: | attract%2:37:00:: | attract%2:35:01::","Clear domain or usage distinction between English senses. Candidate candidate differentiation prepared for human review.","NEEDS_REVIEW"
"L3-G6","3","awaken","verb","RECOMMENDED_REVIEW","CLEAR_OVER_MERGE","喚醒","喚醒 (義項 1) | 喚醒 (義項 2) | 喚醒（軍事）","cause to become awake or conscious | stop sleeping | make aware","awaken%2:29:00:: | awaken%2:29:01:: | awaken%2:31:00::","Clear domain or usage distinction between English senses. Candidate candidate differentiation prepared for human review.","NEEDS_REVIEW"
"L3-G7","3","award","verb","RECOMMENDED_REVIEW","CLEAR_OVER_MERGE","獎品","獎品（軍事） | 獎品 (義項 2)","give, especially as an honor or reward | give as judged due or on the basis of merit","award%2:40:00:: | award%2:40:01::","Clear domain or usage distinction between English senses. Candidate candidate differentiation prepared for human review.","NEEDS_REVIEW"
"L3-G8","3","baggage","noun","RECOMMENDED_REVIEW","CLEAR_OVER_MERGE","行李","行李 (義項 1) | 行李 (義項 2) | 行李 (義項 3)","cases used to carry belongings when traveling | a worthless or immoral woman | the portable equipment and supplies of an army","baggage%1:06:00:: | baggage%1:18:00:: | baggage%1:06:01::","Clear domain or usage distinction between English senses. Candidate candidate differentiation prepared for human review.","NEEDS_REVIEW"
"L3-G9","3","bait","verb","RECOMMENDED_REVIEW","CLEAR_OVER_MERGE","餌","餌 (義項 1) | 餌 (義項 2) | 餌 (義項 3)","harass with persistent criticism or carping | lure, entice, or entrap with bait | attack with dogs or set dogs upon","bait%2:32:00:: | bait%2:41:00:: | bait%2:33:00::","Clear domain or usage distinction between English senses. Candidate candidate differentiation prepared for human review.","NEEDS_REVIEW"
"L3-G10","3","barrel","noun","RECOMMENDED_REVIEW","CLEAR_OVER_MERGE","桶","桶 (義項 1) | 桶 (義項 2) | 桶 (義項 3)","a tube through which a bullet travels when a gun is fired | a cylindrical container that holds liquids | a bulging cylindrical shape; hollow with flat ends","barrel%1:06:01:: | barrel%1:06:00:: | barrel%1:25:00::","Clear domain or usage distinction between English senses. Candidate candidate differentiation prepared for human review.","NEEDS_REVIEW"
"L3-G11","3","bomb","verb","RECOMMENDED_REVIEW","CLEAR_OVER_MERGE","炸彈","炸彈 (義項 1) | 炸彈 (義項 2)","throw bombs at or attack with bombs | fail to get a passing grade","bomb%2:33:00:: | bomb%2:41:00::","Clear domain or usage distinction between English senses. Candidate candidate differentiation prepared for human review.","NEEDS_REVIEW"
"L3-G12","3","bore","noun","RECOMMENDED_REVIEW","CLEAR_OVER_MERGE","令人討厭的人","令人討厭的人（人物） | 令人討厭的人 (義項 2) | 令人討厭的人 (義項 3)","a person who evokes boredom | a high wave (often dangerous) caused by tidal flow (as by colliding tidal currents or in a narrow estuary) | diameter of a tube or gun barrel","bore%1:18:00:: | bore%1:11:00:: | bore%1:07:00::","Clear domain or usage distinction between English senses. Candidate candidate differentiation prepared for human review.","NEEDS_REVIEW"
"L3-G13","3","bullet","noun","RECOMMENDED_REVIEW","CLEAR_OVER_MERGE","子彈","子彈 (義項 1) | 子彈 (義項 2) | 子彈 (義項 3)","a projectile that is fired from a gun | a high-speed passenger train | (baseball) a pitch thrown with maximum velocity","bullet%1:06:00:: | bullet%1:06:01:: | bullet%1:04:00::","Clear domain or usage distinction between English senses. Candidate candidate differentiation prepared for human review.","NEEDS_REVIEW"
"L3-G14","3","bump","verb","RECOMMENDED_REVIEW","CLEAR_OVER_MERGE","撞擊","撞擊 (義項 1) | 撞擊 (義項 2) | 撞擊（軍事）","knock against with force or violence | come upon, as if by accident; meet with | dance erotically or dance with the pelvis thrust forward","bump%2:35:00:: | bump%2:40:12:: | bump%2:38:00::","Clear domain or usage distinction between English senses. Candidate candidate differentiation prepared for human review.","NEEDS_REVIEW"
"L3-G15","3","bundle","noun","RECOMMENDED_REVIEW","CLEAR_OVER_MERGE","捆","捆 (義項 1) | 捆 (義項 2) | 捆 (義項 3)","a collection of things wrapped or boxed together | a package of several things tied together for carrying or storing | a large sum of money (especially as pay or profit)","bundle%1:14:00:: | bundle%1:06:00:: | bundle%1:21:00::","Clear domain or usage distinction between English senses. Candidate candidate differentiation prepared for human review.","NEEDS_REVIEW"
"L3-G16","3","captain","noun","RECOMMENDED_REVIEW","CLEAR_OVER_MERGE","船長","船長（人物） | 船長（人物） | 船長 (義項 3)","an officer holding a rank below a major but above a lieutenant | the naval officer in command of a military ship | a policeman in charge of a precinct","captain%1:18:05:: | captain%1:18:02:: | captain%1:18:04::","Clear domain or usage distinction between English senses. Candidate candidate differentiation prepared for human review.","NEEDS_REVIEW"
"L3-G17","3","champion","noun","RECOMMENDED_REVIEW","CLEAR_OVER_MERGE","冠軍（人）","冠軍（人）（人物） | 冠軍（人）（人物） | 冠軍（人）（人物）","someone who has won first place in a competition | someone who fights for a cause | a person who backs a politician or a team etc.","champion%1:18:01:: | champion%1:18:00:: | champion%1:18:02::","人物身分。Clear domain or usage distinction between English senses. Candidate candidate differentiation prepared for human review.","NEEDS_REVIEW"
"L3-G18","3","chilly","adjective","RECOMMENDED_REVIEW","CLEAR_OVER_MERGE","寒冷的","寒冷的 (義項 1) | 寒冷的 (義項 2) | 寒冷的（軍事）","not characterized by emotion | appreciably or disagreeably cold | lacking warmth of feeling","chilly%5:00:00:unemotional:00 | chilly%5:00:00:cold:01 | chilly%5:00:00:unfriendly:01","Clear domain or usage distinction between English senses. Candidate candidate differentiation prepared for human review.","NEEDS_REVIEW"
"L3-G19","3","civil","adjective","AMBIGUOUS_REVIEW","CLEAR_OVER_MERGE","市民的","公民的；民事的 | 禮貌的；客氣的 | 公民的；民事的","applying to ordinary citizens as contrasted with the military | not rude; marked by satisfactory (or especially minimal) adherence to social usages and sufficient but not noteworthy consideration for others | of or occurring within the state or between or among citizens of the state","civil%5:00:00:civilian:00 | civil%3:00:00:: | civil%3:01:01::","法律民事； 禮貌舉止。Complex or technical English definition with potential figurative nuance. Requires careful human judgment.","NEEDS_REVIEW"
"L3-G20","3","clay","noun","RECOMMENDED_REVIEW","CLEAR_OVER_MERGE","泥土","泥土 (義項 1) | 泥土 (義項 2) | 泥土 (義項 3)","a very fine-grained soil that is plastic when moist but hard when fired | water soaked soil; soft wet earth | the dead body of a human being","clay%1:27:00:: | clay%1:27:02:: | clay%1:08:00::","Clear domain or usage distinction between English senses. Candidate candidate differentiation prepared for human review.","NEEDS_REVIEW"
"L3-G21","3","clip","noun","RECOMMENDED_REVIEW","CLEAR_OVER_MERGE","修剪","修剪 (義項 1) | 修剪 (義項 2) | 修剪 (義項 3)","a metal frame or container holding cartridges; can be inserted into an automatic gun | an instance or single occasion for some event | any of various small fasteners used to hold loose articles together","clip%1:06:00:: | clip%1:11:00:: | clip%1:06:01::","Clear domain or usage distinction between English senses. Candidate candidate differentiation prepared for human review.","NEEDS_REVIEW"
"L3-G22","3","cock","noun","RECOMMENDED_REVIEW","CLEAR_OVER_MERGE","公雞","公雞 (義項 1) | 公雞（器具） | 公雞 (義項 3)","obscene terms for penis | faucet consisting of a rotating device for regulating flow of a liquid | the part of a gunlock that strikes the percussion cap when the trigger is pulled","cock%1:08:00:: | cock%1:06:00:: | cock%1:06:01::","Clear domain or usage distinction between English senses. Candidate candidate differentiation prepared for human review.","NEEDS_REVIEW"
"L3-G23","3","conscious","adjective","RECOMMENDED_REVIEW","CLEAR_OVER_MERGE","有意識的","有意識的 (義項 1) | 有意識的（軍事） | 有意識的 (義項 3)","intentionally conceived | knowing and perceiving; having awareness of surroundings and sensations and thoughts | (followed by ‘of’) showing realization or recognition of something","conscious%5:00:00:intended:00 | conscious%3:00:00:: | conscious%5:00:00:aware:00","Clear domain or usage distinction between English senses. Candidate candidate differentiation prepared for human review.","NEEDS_REVIEW"
"L3-G24","3","crawl","verb","RECOMMENDED_REVIEW","CLEAR_OVER_MERGE","爬行","爬行（動物） | 爬行（動物） | 爬行 (義項 3)","move slowly; in the case of people or animals with the body near the ground | feel as if crawling with insects | be full of","crawl%2:38:00:: | crawl%2:42:01:: | crawl%2:42:00::","Clear domain or usage distinction between English senses. Candidate candidate differentiation prepared for human review.","NEEDS_REVIEW"
"L3-G25","3","dam","noun","RECOMMENDED_REVIEW","CLEAR_OVER_MERGE","水壩","水壩 (義項 1) | 水壩 (義項 2) | 水壩（動物）","a barrier constructed to contain the flow of water or to keep out the sea | a metric unit of length equal to ten meters | female parent of an animal especially domestic livestock","dam%1:06:00:: | dam%1:23:00:: | dam%1:05:00::","Clear domain or usage distinction between English senses. Candidate candidate differentiation prepared for human review.","NEEDS_REVIEW"
"L3-G26","3","decade","noun","RECOMMENDED_REVIEW","CLEAR_OVER_MERGE","十年","十年 (義項 1) | 十年 (義項 2)","a period of 10 years | the cardinal number that is the sum of nine and one; the base of the decimal system","decade%1:28:00:: | decade%1:23:00::","Clear domain or usage distinction between English senses. Candidate candidate differentiation prepared for human review.","NEEDS_REVIEW"
"L3-G27","3","deck","noun","RECOMMENDED_REVIEW","CLEAR_OVER_MERGE","甲板","甲板 (義項 1) | 甲板（植物） | 甲板 (義項 3)","any of various platforms built into a vessel | street name for a packet of illegal drugs | a pack of 52 playing cards","deck%1:06:00:: | deck%1:06:01:: | deck%1:14:00::","Clear domain or usage distinction between English senses. Candidate candidate differentiation prepared for human review.","NEEDS_REVIEW"
"L3-G28","3","decorate","verb","RECOMMENDED_REVIEW","CLEAR_OVER_MERGE","裝飾","裝飾 (義項 1) | 裝飾 (義項 2) | 裝飾（軍事）","make more attractive by adding ornament, colour, etc. | be beautiful to look at | award a mark of honor, such as a medal, to","decorate%2:36:00:: | decorate%2:42:00:: | decorate%2:41:00::","Clear domain or usage distinction between English senses. Candidate candidate differentiation prepared for human review.","NEEDS_REVIEW"
"L3-G29","3","decrease","noun","RECOMMENDED_REVIEW","CLEAR_OVER_MERGE","減少","減少（軍事） | 減少 (義項 2) | 減少 (義項 3)","a change downward | a process of becoming smaller or shorter | the amount by which something decreases","decrease%1:11:00:: | decrease%1:22:00:: | decrease%1:07:00::","Clear domain or usage distinction between English senses. Candidate candidate differentiation prepared for human review.","NEEDS_REVIEW"
"L3-G30","3","dip","noun","RECOMMENDED_REVIEW","CLEAR_OVER_MERGE","浸","浸 (義項 1) | 浸 (義項 2) | 浸 (義項 3)","a depression in an otherwise level surface | (physics) the angle that a magnetic needle makes with the plane of the horizon | a thief who steals from the pockets or purses of others in public places","dip%1:25:01:: | dip%1:25:00:: | dip%1:18:00::","Clear domain or usage distinction between English senses. Candidate candidate differentiation prepared for human review.","NEEDS_REVIEW"
"L3-G31","3","dock","noun","RECOMMENDED_REVIEW","CLEAR_OVER_MERGE","碼頭","碼頭（法律） | 碼頭（植物） | 碼頭 (義項 3)","an enclosure in a court of law where the defendant sits during the trial | any of certain coarse weedy plants with long taproots, sometimes used as table greens or in folk medicine | a platform built out from the shore into the water and supported by piles; provides access to ships and boats","dock%1:06:02:: | dock%1:20:00:: | dock%1:06:01::","Clear domain or usage distinction between English senses. Candidate candidate differentiation prepared for human review.","NEEDS_REVIEW"
"L3-G32","3","dolphin","noun","RECOMMENDED_REVIEW","CLEAR_OVER_MERGE","海豚","海豚（動物） | 海豚 (義項 2)","large slender food and game fish widely distributed in warm seas (especially around Hawaii) | any of various small toothed whales with a beaklike snout; larger than porpoises","dolphin%1:05:01:: | dolphin%1:05:00::","Clear domain or usage distinction between English senses. Candidate candidate differentiation prepared for human review.","NEEDS_REVIEW"
"L3-G33","3","dust","noun","RECOMMENDED_REVIEW","CLEAR_OVER_MERGE","灰塵","灰塵 (義項 1) | 灰塵 (義項 2) | 灰塵 (義項 3)","fine powdery material such as dry earth or pollen that can be blown about in the air | the remains of something that has been destroyed or broken up | free microscopic particles of solid material","dust%1:27:00:: | dust%1:27:01:: | dust%1:27:02::","Clear domain or usage distinction between English senses. Candidate candidate differentiation prepared for human review.","NEEDS_REVIEW"
"L3-G34","3","emergency","noun","RECOMMENDED_REVIEW","CLEAR_OVER_MERGE","緊急狀況","緊急狀況 (義項 1) | 緊急狀況（法律） | 緊急狀況 (義項 3)","a sudden unforeseen crisis (usually involving danger) that requires immediate action | a state in which martial law applies | a brake operated by hand; usually operates by mechanical linkage","emergency%1:11:00:: | emergency%1:26:00:: | emergency%1:06:00::","Clear domain or usage distinction between English senses. Candidate candidate differentiation prepared for human review.","NEEDS_REVIEW"
"L3-G35","3","engage(ment)","noun","RECOMMENDED_REVIEW","CLEAR_OVER_MERGE","從事","從事（軍事） | 從事 (義項 2) | 從事 (義項 3)","a hostile meeting of opposing military forces in the course of a war | a meeting arranged in advance | a mutual promise to marry","engagement%1:04:01:: | engagement%1:14:00:: | engagement%1:10:00::","Clear domain or usage distinction between English senses. Candidate candidate differentiation prepared for human review.","NEEDS_REVIEW"
"L3-G36","3","envy","verb","RECOMMENDED_REVIEW","CLEAR_OVER_MERGE","羨慕","羨慕（軍事） | 羨慕 (義項 2)","feel envious towards; admire enviously | be envious of; set one's heart on","envy%2:37:01:: | envy%2:37:00::","Clear domain or usage distinction between English senses. Candidate candidate differentiation prepared for human review.","NEEDS_REVIEW"
"L3-G37","3","explode","verb","RECOMMENDED_REVIEW","CLEAR_OVER_MERGE","爆炸","爆炸 (義項 1) | 爆炸（軍事） | 爆炸 (義項 3)","cause to burst with a violent release of energy | burst outward, usually with noise | show a violent emotional reaction","explode%2:30:01:: | explode%2:30:00:: | explode%2:31:00::","Clear domain or usage distinction between English senses. Candidate candidate differentiation prepared for human review.","NEEDS_REVIEW"
"L3-G38","3","fond","adjective","RECOMMENDED_REVIEW","CLEAR_OVER_MERGE","喜歡的","喜歡的（軍事） | 喜歡的 (義項 2) | 喜歡的 (義項 3)","having or displaying warmth or affection | extravagantly or foolishly loving and indulgent | (followed by ‘of’ or ‘to’) having a strong preference or liking for","fond%5:00:02:loving:00 | fond%5:00:01:loving:00 | fond%5:00:00:inclined:02","Clear domain or usage distinction between English senses. Candidate candidate differentiation prepared for human review.","NEEDS_REVIEW"
"L3-G39","3","fur","noun","RECOMMENDED_REVIEW","CLEAR_OVER_MERGE","毛皮","毛皮（動物） | 毛皮（動物） | 毛皮（動物）","the dressed hairy coat of a mammal | dense coat of fine silky hairs on mammals (e.g., cat or seal or weasel) | a garment made of animal pelts or synthetic fur","fur%1:27:00:: | fur%1:05:00:: | fur%1:06:00::","動物生物學。Clear domain or usage distinction between English senses. Candidate candidate differentiation prepared for human review.","NEEDS_REVIEW"
"L3-G40","3","hammer","noun","RECOMMENDED_REVIEW","CLEAR_OVER_MERGE","錘","錘 (義項 1) | 錘（器具） | 錘 (義項 3)","the part of a gunlock that strikes the percussion cap when the trigger is pulled | a hand tool with a heavy rigid head and a handle; used to deliver an impulsive force by striking | the ossicle attached to the eardrum","hammer%1:06:04:: | hammer%1:06:00:: | hammer%1:08:00::","Clear domain or usage distinction between English senses. Candidate candidate differentiation prepared for human review.","NEEDS_REVIEW"
"L3-G41","3","harm","noun","RECOMMENDED_REVIEW","CLEAR_OVER_MERGE","傷害","傷害 (義項 1) | 傷害 (義項 2) | 傷害（人物）","any physical damage to the body caused by violence or accident or fracture etc.; the condition of an injury | the occurrence of a change for the worse | the act of damaging something or someone","harm%1:26:00:: | harm%1:11:01:: | harm%1:04:00::","Clear domain or usage distinction between English senses. Candidate candidate differentiation prepared for human review.","NEEDS_REVIEW"
"L3-G42","3","headquarters","noun","RECOMMENDED_REVIEW","CLEAR_OVER_MERGE","總部","總部 (義項 1) | 總部（軍事） | 總部（軍事）","(usually plural) the office that serves as the administrative center of an enterprise | the military installation from which a commander performs the functions of command | (plural) a military unit consisting of a commander and the headquarters staff","headquarters%1:06:01:: | headquarters%1:06:00:: | headquarters%1:14:00::","Clear domain or usage distinction between English senses. Candidate candidate differentiation prepared for human review.","NEEDS_REVIEW"
"L3-G43","3","heap","noun","RECOMMENDED_REVIEW","CLEAR_OVER_MERGE","堆","堆 (義項 1) | 堆 (義項 2) | 堆 (義項 3)","a collection of objects laid on top of each other | (often followed by ‘of’) a large number or amount or extent | a car that is old and unreliable","heap%1:14:00:: | heap%1:23:00:: | heap%1:06:01::","Clear domain or usage distinction between English senses. Candidate candidate differentiation prepared for human review.","NEEDS_REVIEW"
"L3-G44","3","heater","noun","RECOMMENDED_REVIEW","CLEAR_OVER_MERGE","加熱器","加熱器（器具） | 加熱器 (義項 2)","device that heats water or supplies warmth to a room | (baseball) a pitch thrown with maximum velocity","heater%1:06:00:: | heater%1:04:00::","Clear domain or usage distinction between English senses. Candidate candidate differentiation prepared for human review.","NEEDS_REVIEW"
"L3-G45","3","honor","verb","RECOMMENDED_REVIEW","CLEAR_OVER_MERGE","榮譽","榮譽（軍事） | 榮譽（軍事） | 榮譽 (義項 3)","bestow honor or rewards upon | show respect towards | accept as pay","honor%2:41:00:: | honor%2:41:01:: | honor%2:40:00::","Clear domain or usage distinction between English senses. Candidate candidate differentiation prepared for human review.","NEEDS_REVIEW"
"L3-G46","3","horn","noun","RECOMMENDED_REVIEW","CLEAR_OVER_MERGE","角","角 (義項 1) | 角 (義項 2) | 角（軍事）","a noisemaker (as at parties or games) that makes a loud noise when you blow through it | one of the bony outgrowths on the heads of certain ungulates | a noise made by the driver of an automobile to give warning","horn%1:06:06:: | horn%1:05:01:: | horn%1:10:02::","Clear domain or usage distinction between English senses. Candidate candidate differentiation prepared for human review.","NEEDS_REVIEW"
"L3-G47","3","hut","noun","RECOMMENDED_REVIEW","CLEAR_OVER_MERGE","小屋","小屋（軍事） | 小屋 (義項 2)","temporary military shelter | small crude shelter used as a dwelling","hut%1:06:01:: | hut%1:06:00::","Clear domain or usage distinction between English senses. Candidate candidate differentiation prepared for human review.","NEEDS_REVIEW"
"L3-G48","3","icy","adjective","RECOMMENDED_REVIEW","CLEAR_OVER_MERGE","冰的","冰的（軍事） | 冰的 (義項 2) | 冰的 (義項 3)","devoid of warmth and cordiality; expressive of unfriendliness or disdain | extremely cold | covered with or containing or consisting of ice","icy%5:00:00:cold:02 | icy%5:00:00:cold:01 | icy%5:00:00:frozen:00","Clear domain or usage distinction between English senses. Candidate candidate differentiation prepared for human review.","NEEDS_REVIEW"
"L3-G49","3","injury","noun","RECOMMENDED_REVIEW","CLEAR_OVER_MERGE","傷害","傷害 (義項 1) | 傷害 (義項 2) | 傷害（人物）","any physical damage to the body caused by violence or accident or fracture etc.; the condition of an injury | an accident that results in physical damage or hurt | a casualty to military personnel resulting from combat","injury%1:26:00:: | injury%1:11:00:: | injury%1:11:01::","Clear domain or usage distinction between English senses. Candidate candidate differentiation prepared for human review.","NEEDS_REVIEW"
"L3-G50","3","inner","adjective","RECOMMENDED_REVIEW","CLEAR_OVER_MERGE","內部的","內部的（軍事） | 內部的 (義項 2) | 內部的 (義項 3)","located inward | located or occurring within or closer to a center | innermost or essential","inner%5:00:00:inward:00 | inner%3:00:00:: | inner%5:00:00:intrinsic:00","Clear domain or usage distinction between English senses. Candidate candidate differentiation prepared for human review.","NEEDS_REVIEW"
"L3-G51","3","interrupt","verb","RECOMMENDED_REVIEW","POSSIBLE_OVER_MERGE","中斷","中斷 (義項 1) | 中斷 (義項 2) | 中斷（人物）","make a break in | destroy the peace or tranquility of | interfere in someone else's activity","interrupt%2:32:00:: | interrupt%2:30:03:: | interrupt%2:30:04::","Clear domain or usage distinction between English senses. Candidate candidate differentiation prepared for human review.","NEEDS_REVIEW"
"L3-G52","3","leap","noun","RECOMMENDED_REVIEW","CLEAR_OVER_MERGE","跳躍","跳躍（軍事） | 跳躍 (義項 2) | 跳躍 (義項 3)","a light, self-propelled movement upwards or forwards | an abrupt transition | a sudden and decisive increase","leap%1:04:00:: | leap%1:11:00:: | leap%1:11:01::","Clear domain or usage distinction between English senses. Candidate candidate differentiation prepared for human review.","NEEDS_REVIEW"
"L3-G53","3","leap","verb","RECOMMENDED_REVIEW","CLEAR_OVER_MERGE","跳躍","跳躍（軍事） | 跳躍 (義項 2) | 跳躍 (義項 3)","move forward by leaps and bounds | pass abruptly from one state or topic to another | jump down from an elevated point","leap%2:38:00:: | leap%2:30:00:: | leap%2:38:11::","Clear domain or usage distinction between English senses. Candidate candidate differentiation prepared for human review.","NEEDS_REVIEW"
"L3-G54","3","lick","verb","RECOMMENDED_REVIEW","CLEAR_OVER_MERGE","舔","舔 (義項 1) | 舔 (義項 2) | 舔 (義項 3)","beat thoroughly and conclusively in a competition or fight | pass the tongue over | find the solution to (a problem or question) or understand the meaning of","lick%2:35:01:: | lick%2:35:00:: | lick%2:31:00::","Clear domain or usage distinction between English senses. Candidate candidate differentiation prepared for human review.","NEEDS_REVIEW"
"L3-G55","3","lick","noun","RECOMMENDED_REVIEW","CLEAR_OVER_MERGE","舔","舔（動物） | 舔 (義項 2) | 舔 (義項 3)","a salt deposit that animals regularly lick | touching with the tongue | (boxing) a blow with the fist","lick%1:17:00:: | lick%1:04:00:: | lick%1:04:01::","Clear domain or usage distinction between English senses. Candidate candidate differentiation prepared for human review.","NEEDS_REVIEW"
"L3-G56","3","lock","noun","RECOMMENDED_REVIEW","CLEAR_OVER_MERGE","鎖","鎖 (義項 1) | 鎖 (義項 2) | 鎖 (義項 3)","a fastener fitted to a door or drawer to keep it firmly closed | a strand or cluster of hair | a mechanism that detonates the charge of a gun","lock%1:06:00:: | lock%1:08:00:: | lock%1:06:03::","Clear domain or usage distinction between English senses. Candidate candidate differentiation prepared for human review.","NEEDS_REVIEW"
"L3-G57","3","mall","noun","AMBIGUOUS_REVIEW","CLEAR_OVER_MERGE","林蔭路","林蔭步道 | 購物中心","a public area set aside as a pedestrian walk | mercantile establishment consisting of a carefully landscaped complex of shops representing leading merchandisers; usually includes restaurants and a convenient parking area; a modern version of the traditional marketplace","mall%1:06:00:: | mall%1:06:01::","公共行人步道； 商業購物商場。Complex or technical English definition with potential figurative nuance. Requires careful human judgment.","NEEDS_REVIEW"
"L3-G58","3","mission","noun","RECOMMENDED_REVIEW","CLEAR_OVER_MERGE","任務","任務 (義項 1) | 任務 (義項 2) | 任務（人物）","an organization of missionaries in a foreign land sent to carry on religious work | an operation that is assigned by a higher headquarters | a special assignment that is given to a person or group","mission%1:14:01:: | mission%1:04:01:: | mission%1:04:00::","Clear domain or usage distinction between English senses. Candidate candidate differentiation prepared for human review.","NEEDS_REVIEW"
"L3-G59","3","mystery","noun","RECOMMENDED_REVIEW","CLEAR_OVER_MERGE","祕密","祕密 (義項 1) | 祕密 (義項 2)","something that baffles understanding and cannot be explained | a story about a crime (usually murder) presented as a novel or play or movie","mystery%1:09:00:: | mystery%1:10:00::","Clear domain or usage distinction between English senses. Candidate candidate differentiation prepared for human review.","NEEDS_REVIEW"
"L3-G60","3","navy","noun","RECOMMENDED_REVIEW","CLEAR_OVER_MERGE","海軍","海軍（軍事） | 海軍 (義項 2)","an organization of military vessels belonging to a country and available for sea warfare | a dark shade of blue","navy%1:14:00:: | navy%1:07:00::","Clear domain or usage distinction between English senses. Candidate candidate differentiation prepared for human review.","NEEDS_REVIEW"
"L3-G61","3","nest","noun","RECOMMENDED_REVIEW","CLEAR_OVER_MERGE","巢","巢（動物） | 巢 (義項 2) | 巢 (義項 3)","a structure in which animals lay eggs or give birth to their young | a kind of gun emplacement | a cosy or secluded retreat","nest%1:17:00:: | nest%1:06:00:: | nest%1:15:00::","Clear domain or usage distinction between English senses. Candidate candidate differentiation prepared for human review.","NEEDS_REVIEW"
"L3-G62","3","normal","adjective","RECOMMENDED_REVIEW","CLEAR_OVER_MERGE","常態","常態 (義項 1) | 常態（法律） | 常態 (義項 3)","conforming with or constituting a norm or standard or level or type or social norm; not abnormal | in accordance with scientific laws | being approximately average or within certain limits in e.g. intelligence and development","normal%3:00:01:: | normal%3:00:02:: | normal%3:00:03::","Clear domain or usage distinction between English senses. Candidate candidate differentiation prepared for human review.","NEEDS_REVIEW"
"L3-G63","3","outer","adjective","RECOMMENDED_REVIEW","CLEAR_OVER_MERGE","外部的","外部的 (義項 1) | 外部的 (義項 2) | 外部的（軍事）","being on the outside or further from a center | located outside | being on or toward the outside of the body","outer%3:00:00:: | outer%5:00:00:outward:00 | outer%5:00:00:external:00","Clear domain or usage distinction between English senses. Candidate candidate differentiation prepared for human review.","NEEDS_REVIEW"
"L3-G64","3","peanut","noun","AMBIGUOUS_REVIEW","CLEAR_OVER_MERGE","花生","花生 (義項 1) | 花生（植物） | 花生 (義項 3)","underground pod of the peanut vine | widely cultivated American plant cultivated in tropical and warm regions; showy yellow flowers on stalks that bend over to the soil so that seed pods ripen underground | a young child who is small for their age","peanut%1:20:02:: | peanut%1:20:00:: | peanut%1:18:00::","Complex or technical English definition with potential figurative nuance. Requires careful human judgment.","NEEDS_REVIEW"
"L3-G65","3","penny","noun","RECOMMENDED_REVIEW","CLEAR_OVER_MERGE","便士","便士 (義項 1) | 便士 (義項 2)","a fractional monetary unit of Ireland and the United Kingdom; equal to one hundredth of a pound | a coin worth one-hundredth of the value of the basic unit","penny%1:23:00:: | penny%1:21:00::","Clear domain or usage distinction between English senses. Candidate candidate differentiation prepared for human review.","NEEDS_REVIEW"
"L3-G66","3","pitch","noun","AMBIGUOUS_REVIEW","CLEAR_OVER_MERGE","程度","音高（聲學） | 投球（體育） | 程度 (義項 3)","the property of sound that varies with variation in the frequency of vibration | the act of throwing a baseball or softball by the pitcher towards home plate, which initiates play by giving the batter a chance to hit it | a vendor's position (especially on the sidewalk)","pitch%1:07:00:: | pitch%1:04:03:: | pitch%1:15:00::","Complex or technical English definition with potential figurative nuance. Requires careful human judgment.","NEEDS_REVIEW"
"L3-G67","3","pitch","verb","RECOMMENDED_REVIEW","CLEAR_OVER_MERGE","程度","程度 (義項 1) | 程度 (義項 2) | 程度（軍事）","throw or toss with a light motion | move abruptly | fall or plunge forward","pitch%2:35:00:: | pitch%2:38:03:: | pitch%2:38:00::","Clear domain or usage distinction between English senses. Candidate candidate differentiation prepared for human review.","NEEDS_REVIEW"
"L3-G68","3","plastic","noun","AMBIGUOUS_REVIEW","CLEAR_OVER_MERGE","塑膠","塑膠 (義項 1) | 塑膠（人物）","generic name for certain synthetic or semisynthetic materials that can be molded or extruded into objects or films or filaments or used for making e.g. coatings and adhesives | a card (usually plastic) that assures a seller that the person using it has sufficient means of payment and that the issuer will see to it that the seller receives payment for the merchandise delivered","plastic%1:27:00:: | plastic%1:21:00::","Complex or technical English definition with potential figurative nuance. Requires careful human judgment.","NEEDS_REVIEW"
"L3-G69","3","powder","noun","RECOMMENDED_REVIEW","CLEAR_OVER_MERGE","粉","粉（化學物質） | 粉 (義項 2) | 粉（醫學）","a solid substance in the form of tiny loose particles; a solid that has been pulverized | a mixture of potassium nitrate, charcoal, and sulfur in a 75:15:10 ratio which is used in gunnery, time fuses, and fireworks | any of various cosmetic or medical preparations dispensed in the form of a pulverized powder","powder%1:27:00:: | powder%1:27:01:: | powder%1:06:01::","Clear domain or usage distinction between English senses. Candidate candidate differentiation prepared for human review.","NEEDS_REVIEW"
"L3-G70","3","pretend","verb","RECOMMENDED_REVIEW","CLEAR_OVER_MERGE","假裝","假裝 (義項 1) | 假裝 (義項 2) | 假裝（軍事）","make believe with the intent to deceive | behave unnaturally or affectedly | put forward a claim and assert right or possession of","pretend%2:32:00:: | pretend%2:36:00:: | pretend%2:40:03::","Clear domain or usage distinction between English senses. Candidate candidate differentiation prepared for human review.","NEEDS_REVIEW"
"L3-G71","3","process","noun","AMBIGUOUS_REVIEW","CLEAR_OVER_MERGE","程式","過程；程序 | 心智過程 | 程式（法律）","a particular course of action intended to achieve a result | (psychology) the performance of some composite cognitive activity; an operation that affects mental contents | a writ issued by authority of law; usually compels the defendant's attendance in a civil suit; failure to appear results in a default judgment against the defendant","process%1:04:00:: | process%1:09:00:: | process%1:10:00::","行動流程； 心理認知； 法律術語。Complex or technical English definition with potential figurative nuance. Requires careful human judgment.","NEEDS_REVIEW"
"L3-G72","3","punch","verb","RECOMMENDED_REVIEW","CLEAR_OVER_MERGE","打洞器","打洞器 (義項 1) | 打洞器 (義項 2) | 打洞器 (義項 3)","deliver a quick blow to | drive forcibly as if by a punch | make a hole into or between, as for ease of separation","punch%2:35:00:: | punch%2:35:04:: | punch%2:35:01::","Clear domain or usage distinction between English senses. Candidate candidate differentiation prepared for human review.","NEEDS_REVIEW"
"L3-G73","3","purse","noun","RECOMMENDED_REVIEW","CLEAR_OVER_MERGE","錢包","錢包（人物） | 錢包 (義項 2) | 錢包 (義項 3)","a container used for carrying money and small personal items or accessories (especially by women) | a sum of money spoken of as the contents of a money purse | a small bag for carrying money","purse%1:06:00:: | purse%1:21:01:: | purse%1:06:02::","Clear domain or usage distinction between English senses. Candidate candidate differentiation prepared for human review.","NEEDS_REVIEW"
"L3-G74","3","rank","noun","RECOMMENDED_REVIEW","CLEAR_OVER_MERGE","等級","等級（軍事） | 等級 (義項 2) | 等級（軍事）","a row or line of people (especially soldiers or police) standing abreast of one another | relative status | the ordinary members of an organization (such as the enlisted soldiers of an army)","rank%1:14:00:: | rank%1:26:00:: | rank%1:14:01::","Clear domain or usage distinction between English senses. Candidate candidate differentiation prepared for human review.","NEEDS_REVIEW"
"L3-G75","3","recognize","verb","RECOMMENDED_REVIEW","CLEAR_OVER_MERGE","認出","認出（人物） | 認出（軍事） | 認出 (義項 3)","accept (someone) to be what is claimed or accept their power and authority | be fully aware or cognizant of | detect with the senses","recognize%2:31:02:: | recognize%2:31:01:: | recognize%2:39:01::","Clear domain or usage distinction between English senses. Candidate candidate differentiation prepared for human review.","NEEDS_REVIEW"
"L3-G76","3","release","verb","RECOMMENDED_REVIEW","CLEAR_OVER_MERGE","釋放","釋放 (義項 1) | 釋放 (義項 2) | 釋放 (義項 3)","release, as from one's grip | grant freedom to; free from confinement | let (something) fall or spill from a container","release%2:35:00:: | release%2:41:00:: | release%2:35:01::","Clear domain or usage distinction between English senses. Candidate candidate differentiation prepared for human review.","NEEDS_REVIEW"
"L3-G77","3","relief","noun","RECOMMENDED_REVIEW","CLEAR_OVER_MERGE","減輕","減輕 (義項 1) | 減輕 (義項 2) | 減輕（軍事）","the feeling that comes when something burdensome is removed or reduced | the condition of being comfortable or relieved (especially after being relieved of distress) | (law) redress awarded by a court","relief%1:12:00:: | relief%1:26:00:: | relief%1:21:00::","Clear domain or usage distinction between English senses. Candidate candidate differentiation prepared for human review.","NEEDS_REVIEW"
"L3-G78","3","ribbon","noun","RECOMMENDED_REVIEW","CLEAR_OVER_MERGE","緞帶","緞帶 (義項 1) | 緞帶（軍事） | 緞帶 (義項 3)","any long object resembling a thin line | an award for winning a championship or commemorating some other event | a long strip of inked material for making characters on paper with a typewriter","ribbon%1:17:00:: | ribbon%1:10:00:: | ribbon%1:06:02::","Clear domain or usage distinction between English senses. Candidate candidate differentiation prepared for human review.","NEEDS_REVIEW"
"L3-G79","3","robbery","noun","RECOMMENDED_REVIEW","CLEAR_OVER_MERGE","搶掠","搶掠 (義項 1) | 搶掠（軍事）","larceny by threat of violence | plundering during riots or in wartime","robbery%1:04:00:: | robbery%1:04:01::","Clear domain or usage distinction between English senses. Candidate candidate differentiation prepared for human review.","NEEDS_REVIEW"
"L3-G80","3","rush","verb","RECOMMENDED_REVIEW","CLEAR_OVER_MERGE","匆促","匆促 (義項 1) | 匆促 (義項 2) | 匆促 (義項 3)","move hurridly | attack suddenly | urge to an unnatural speed","rush%2:38:00:: | rush%2:33:00:: | rush%2:30:01::","Clear domain or usage distinction between English senses. Candidate candidate differentiation prepared for human review.","NEEDS_REVIEW"
"L3-G81","3","scarf","noun","RECOMMENDED_REVIEW","CLEAR_OVER_MERGE","圍巾","圍巾（軍事） | 圍巾 (義項 2)","a garment worn around the head or neck or shoulders for warmth or decoration | a joint made by notching the ends of two pieces of timber or metal so that they will lock together end-to-end","scarf%1:06:00:: | scarf%1:06:01::","Clear domain or usage distinction between English senses. Candidate candidate differentiation prepared for human review.","NEEDS_REVIEW"
"L3-G82","3","screw","noun","AMBIGUOUS_REVIEW","CLEAR_OVER_MERGE","螺旋","螺旋（器具） | 螺旋 (義項 2)","a simple machine of the inclined-plane type consisting of a spirally threaded cylindrical rod that engages with a similarly threaded hole | a propeller with several angled blades that rotates to push against water or air","screw%1:06:02:: | screw%1:06:01::","Complex or technical English definition with potential figurative nuance. Requires careful human judgment.","NEEDS_REVIEW"
"L3-G83","3","seal","noun","RECOMMENDED_REVIEW","CLEAR_OVER_MERGE","印章","印章（軍事） | 印章（器具） | 印章 (義項 3)","fastener consisting of a resinous composition that is plastic when warm; used for sealing documents and parcels and letters | a device incised to make an impression; used to secure a closing or to authenticate documents | the pelt or fur (especially the underfur) of a seal","seal%1:06:01:: | seal%1:06:00:: | seal%1:27:00::","Clear domain or usage distinction between English senses. Candidate candidate differentiation prepared for human review.","NEEDS_REVIEW"
"L3-G84","3","shallow","adjective","AMBIGUOUS_REVIEW","CLEAR_OVER_MERGE","水淺的地方","水淺的地方（軍事） | 水淺的地方 (義項 2) | 水淺的地方 (義項 3)","lacking physical depth; having little spatial extension downward or inward from an outer surface or backward or outward from a center | not deep or strong; not affecting one deeply | lacking depth of intellect or knowledge; concerned only with what is obvious","shallow%3:00:01:: | shallow%3:00:02:: | shallow%5:00:00:superficial:00","Complex or technical English definition with potential figurative nuance. Requires careful human judgment.","NEEDS_REVIEW"
"L3-G85","3","spin","noun","RECOMMENDED_REVIEW","CLEAR_OVER_MERGE","旋轉","旋轉 (義項 1) | 旋轉 (義項 2) | 旋轉 (義項 3)","a swift whirling motion (usually of a missile) | the act of rotating rapidly | a short drive in a car","spin%1:11:00:: | spin%1:04:00:: | spin%1:04:01::","Clear domain or usage distinction between English senses. Candidate candidate differentiation prepared for human review.","NEEDS_REVIEW"
"L3-G86","3","squeeze","noun","RECOMMENDED_REVIEW","CLEAR_OVER_MERGE","緊握","緊握 (義項 1) | 緊握 (義項 2) | 緊握 (義項 3)","the act of gripping and pressing firmly | a state in which there is a short supply of cash to lend to businesses and consumers and interest rates are high | a situation in which increased costs cannot be passed on to the customer","squeeze%1:04:00:: | squeeze%1:26:00:: | squeeze%1:21:00::","Clear domain or usage distinction between English senses. Candidate candidate differentiation prepared for human review.","NEEDS_REVIEW"
"L3-G87","3","sticky","adjective","RECOMMENDED_REVIEW","CLEAR_OVER_MERGE","粘的","粘的 (義項 1) | 粘的 (義項 2) | 粘的（軍事）","having the sticky properties of an adhesive | moist as with undried perspiration and with clothing sticking to the body | hot or warm and humid","sticky%5:00:00:adhesive:00 | sticky%5:00:02:wet:01 | sticky%5:00:01:wet:01","Clear domain or usage distinction between English senses. Candidate candidate differentiation prepared for human review.","NEEDS_REVIEW"
"L3-G88","3","strategy","noun","RECOMMENDED_REVIEW","CLEAR_OVER_MERGE","戰略","戰略 (義項 1) | 戰略（軍事）","an elaborate and systematic plan of action | the branch of military science dealing with military command and the planning and conduct of a war","strategy%1:09:00:: | strategy%1:09:01::","Clear domain or usage distinction between English senses. Candidate candidate differentiation prepared for human review.","NEEDS_REVIEW"
"L3-G89","3","strength","noun","RECOMMENDED_REVIEW","CLEAR_OVER_MERGE","力量","力量 (義項 1) | 力量（人物） | 力量 (義項 3)","the property of being physically or mentally strong | capability in terms of personnel and materiel that affect the capacity to fight a war | physical energy or intensity","strength%1:07:00:: | strength%1:07:05:: | strength%1:07:06::","Clear domain or usage distinction between English senses. Candidate candidate differentiation prepared for human review.","NEEDS_REVIEW"
"L3-G90","3","superior","noun","RECOMMENDED_REVIEW","CLEAR_OVER_MERGE","長者","長者 (義項 1) | 長者 (義項 2) | 長者 (義項 3)","one of greater rank or station or quality | the head of a religious community | a combatant who is able to defeat rivals","superior%1:18:01:: | superior%1:18:02:: | superior%1:18:03::","Clear domain or usage distinction between English senses. Candidate candidate differentiation prepared for human review.","NEEDS_REVIEW"
"L3-G91","3","tank","noun","RECOMMENDED_REVIEW","CLEAR_OVER_MERGE","槽","槽（軍事） | 槽 (義項 2) | 槽 (義項 3)","an enclosed armored military vehicle; has a cannon and moves on caterpillar treads | a large (usually metallic) vessel for holding gases or liquids | as much as a tank will hold","tank%1:06:01:: | tank%1:06:00:: | tank%1:23:00::","Clear domain or usage distinction between English senses. Candidate candidate differentiation prepared for human review.","NEEDS_REVIEW"
"L3-G92","3","threat","noun","RECOMMENDED_REVIEW","CLEAR_OVER_MERGE","恐嚇","恐嚇 (義項 1) | 恐嚇（軍事） | 恐嚇 (義項 3)","something that is a source of danger | a warning that something unpleasant is imminent | declaration of an intention or a determination to inflict harm on another","threat%1:26:00:: | threat%1:10:00:: | threat%1:10:01::","Clear domain or usage distinction between English senses. Candidate candidate differentiation prepared for human review.","NEEDS_REVIEW"
"L3-G93","3","tight","adjective","RECOMMENDED_REVIEW","CLEAR_OVER_MERGE","緊的","緊的 (義項 1) | 緊的 (義項 2) | 緊的 (義項 3)","closely constrained or constricted or constricting | pulled or drawn tight | set so close together as to be invulnerable to penetration","tight%3:00:01:: | tight%5:00:00:tense:01 | tight%5:00:00:invulnerable:00","Clear domain or usage distinction between English senses. Candidate candidate differentiation prepared for human review.","NEEDS_REVIEW"
"L3-G94","3","tribe","noun","RECOMMENDED_REVIEW","CLEAR_OVER_MERGE","宗族","宗族 (義項 1) | 宗族 (義項 2) | 宗族 (義項 3)","a social division of (usually preliterate) people | a federation (as of American Indians) | (biology) a taxonomic category between a genus and a subfamily","tribe%1:14:00:: | tribe%1:14:01:: | tribe%1:14:03::","Clear domain or usage distinction between English senses. Candidate candidate differentiation prepared for human review.","NEEDS_REVIEW"
"L3-G95","3","troop","noun","RECOMMENDED_REVIEW","CLEAR_OVER_MERGE","軍隊","軍隊（軍事） | 軍隊 (義項 2) | 軍隊 (義項 3)","a group of soldiers | a cavalry unit corresponding to an infantry company | a unit of Girl or Boy Scouts","troop%1:14:00:: | troop%1:14:03:: | troop%1:14:02::","Clear domain or usage distinction between English senses. Candidate candidate differentiation prepared for human review.","NEEDS_REVIEW"
"L3-G96","3","van","noun","AMBIGUOUS_REVIEW","CLEAR_OVER_MERGE","貨車","貨車 (義項 1) | 貨車 (義項 2) | 貨車 (義項 3)","any creative group active in the innovation and application of new concepts and techniques in a given field (especially in the arts) | the leading units moving at the head of an army | (Great Britain) a closed railroad car that carries baggage or freight","van%1:14:01:: | van%1:14:00:: | van%1:06:02::","Complex or technical English definition with potential figurative nuance. Requires careful human judgment.","NEEDS_REVIEW"
"L3-G97","3","vanish","verb","RECOMMENDED_REVIEW","CLEAR_OVER_MERGE","消失","消失（軍事） | 消失 (義項 2) | 消失 (義項 3)","get lost, as without warning or explanation | become invisible or unnoticeable | pass away rapidly","vanish%2:30:00:: | vanish%2:39:00:: | vanish%2:38:05::","Clear domain or usage distinction between English senses. Candidate candidate differentiation prepared for human review.","NEEDS_REVIEW"
"L3-G98","3","wagon","noun","RECOMMENDED_REVIEW","CLEAR_OVER_MERGE","四輪馬車","四輪馬車（動物） | 四輪馬車 (義項 2) | 四輪馬車 (義項 3)","any of various kinds of wheeled vehicles drawn by an animal or a tractor | van used by police to transport prisoners | a child's four-wheeled toy cart sometimes used for coasting","wagon%1:06:00:: | wagon%1:06:02:: | wagon%1:06:04::","Clear domain or usage distinction between English senses. Candidate candidate differentiation prepared for human review.","NEEDS_REVIEW"
"L3-G99","3","warmth","noun","RECOMMENDED_REVIEW","CLEAR_OVER_MERGE","溫暖","溫暖 (義項 1) | 溫暖（軍事） | 溫暖 (義項 3)","the sensation caused by heat energy | a warmhearted feeling | the quality of having a moderate degree of heat","warmth%1:09:00:: | warmth%1:12:00:: | warmth%1:07:01::","Clear domain or usage distinction between English senses. Candidate candidate differentiation prepared for human review.","NEEDS_REVIEW"
"L3-G100","3","weapon","noun","RECOMMENDED_REVIEW","CLEAR_OVER_MERGE","武器","武器（器具） | 武器 (義項 2)","any instrument or instrumentality used in fighting or hunting | a means of persuading or arguing","weapon%1:06:00:: | weapon%1:10:00::","Clear domain or usage distinction between English senses. Candidate candidate differentiation prepared for human review.","NEEDS_REVIEW"
"L3-G101","3","whistle","verb","RECOMMENDED_REVIEW","POSSIBLE_OVER_MERGE","口哨","口哨 (義項 1) | 口哨 (義項 2) | 口哨 (義項 3)","make whistling sounds | move with, or as with, a whistling sound | utter or express by whistling","whistle%2:39:00:: | whistle%2:38:00:: | whistle%2:32:00::","Clear domain or usage distinction between English senses. Candidate candidate differentiation prepared for human review.","NEEDS_REVIEW"
