groupId,word,wordId,level,partOfSpeech,currentMeaningZhTW,senseId,englishDefinition,suggestedMeaningZhTW,finalMeaningZhTW,decision,reviewStatus,reviewerNotes
bridge-31,bridge,bridge-119,1,noun,橋,bridge%1:06:00::,a structure that allows people or vehicles to cross an obstacle such as a river or canal or railway etc.,橋；橋梁,橋；橋梁,APPROVE,APPROVED,AI 校訂草稿，待使用者確認。供人車跨越障礙的實體橋。
bridge-31,bridge,bridge-119,1,noun,橋,bridge%1:06:05::,a circuit consisting of two branches (4 arms arranged in a diamond configuration) across which a meter is connected,橋（義項 2）,電橋（電路）,REVISE,APPROVED,AI 校訂草稿，待使用者確認。指電路中的橋式量測配置，非實體橋。
bridge-31,bridge,bridge-119,1,noun,橋,bridge%1:24:00::,something resembling a bridge in form or function,橋（義項 3）,橋狀物；連接物,REVISE,APPROVED,AI 校訂草稿，待使用者確認。指外形或功能類似橋的事物。
dig-32,dig,dig-227,1,noun,挖,dig%1:15:00::,the site of an archeological exploration,住處；租屋（俚語）,考古發掘地；遺址挖掘現場,REVISE,APPROVED,AI 校訂草稿，待使用者確認。原建議「住處」與英文定義不符。
dig-32,dig,dig-227,1,noun,挖,dig%1:10:00::,an aggressive remark directed at a person like a missile and intended to have a telling effect,諷刺；挖苦,挖苦；嘲諷,APPROVE,APPROVED,AI 校訂草稿，待使用者確認。指針對他人的尖銳言語。
dig-32,dig,dig-227,1,noun,挖,dig%1:07:00::,a small gouge (as in the cover of a book),挖（義項 3）,小凹痕；刮痕,REVISE,APPROVED,AI 校訂草稿，待使用者確認。指物體表面的淺凹痕。
hear-33,hear,hear-387,1,verb,聽到,hear%2:39:00::,perceive (sound) via the auditory sense,聽到；聽見,聽見；聽到,APPROVE,APPROVED,AI 校訂草稿，待使用者確認。聽覺感知。
hear-33,hear,hear-387,1,verb,聽到,hear%2:31:00::,"get to know or become aware of, usually accidentally",聽說；得知,聽說；得知,APPROVE,APPROVED,AI 校訂草稿，待使用者確認。透過消息獲得資訊，與聽覺感知不同。
hear-33,hear,hear-387,1,verb,聽到,hear%2:41:00::,examine or hear (evidence or a case) by judicial process,聽到（義項 3）,審理（案件）；聽取（證據）,REVISE,APPROVED,AI 校訂草稿，待使用者確認。法律程序中的 hear。
heavy-34,heavy,heavy-390,1,adjective,重的,heavy%3:00:01::,of comparatively great physical weight or density,重的；沉重的,重的；沉重的,APPROVE,APPROVED,AI 校訂草稿，待使用者確認。物理重量或密度大。
heavy-34,heavy,heavy-390,1,adjective,重的,heavy%3:00:03::,unusually great in degree or quantity or number,重的（義項 2）,大量的；程度高的,REVISE,APPROVED,AI 校訂草稿，待使用者確認。指數量或程度，不是物體重量。
heavy-34,heavy,heavy-390,1,adjective,重的,heavy%3:00:04::,of the military or industry; using (or being) the heaviest and most powerful armaments or weapons or equipment,重的（義項 3）,重型的（軍事或工業設備）,REVISE,APPROVED,AI 校訂草稿，待使用者確認。指使用大型重裝備。
here-35,here,here-396,1,adverb,在這裡,here%4:02:00::,in or at this place; where the speaker or writer is,在這裡；向這裡,在這裡；於此地,APPROVE,APPROVED,AI 校訂草稿，待使用者確認。靜態位置，不是移動方向。
here-35,here,here-396,1,adverb,在這裡,here%4:02:02::,in this circumstance or respect or on this point or detail,此時；這時,在這方面；就這一點而言,REVISE,APPROVED,AI 校訂草稿，待使用者確認。原建議「此時」與英文定義不符。
here-35,here,here-396,1,adverb,在這裡,here%4:02:01::,to this place (especially toward the speaker),在這方面；在此點,到這裡；往這邊,REVISE,APPROVED,AI 校訂草稿，待使用者確認。朝說話者所在處移動。
high-36,high,high-398,1,adjective,高度,high%3:00:02::,greater than normal in quantity or amount,高級的；高階的,高的；大量的,REVISE,APPROVED,AI 校訂草稿，待使用者確認。數量或金額高於正常值，不是高級。
high-36,high,high-398,1,adjective,高度,high%3:00:01::,(literal meaning) being at or having a relatively great or specific elevation or upward extension (sometimes used in combinations like ‘knee-high’),高的；高聳的,高的；高聳的,APPROVE,APPROVED,AI 校訂草稿，待使用者確認。物理高度較高。
high-36,high,high-398,1,adjective,高度,high%5:00:00:superior:01,standing above others in quality or position,高度（義項 3）,優秀的；地位高的,REVISE,APPROVED,AI 校訂草稿，待使用者確認。品質或地位較高。
hill-37,hill,hill-399,1,noun,小山,hill%1:17:00::,a local and well-defined elevation of the land,小山；丘陵,小山；丘陵,APPROVE,APPROVED,AI 校訂草稿，待使用者確認。自然形成的地形。
hill-37,hill,hill-399,1,noun,小山,hill%1:06:01::,structure consisting of an artificial heap or bank usually of earth or stones,小山（義項 2）,土丘；人工土堆,REVISE,APPROVED,AI 校訂草稿，待使用者確認。人工堆起的土石結構。
hill-37,hill,hill-399,1,noun,小山,hill%1:06:00::,(baseball) the slight elevation on which the pitcher stands,土堆；土墩,投手丘,REVISE,APPROVED,AI 校訂草稿，待使用者確認。棒球場投手站立的土丘。
horse-38,horse,horse-410,1,noun,馬,horse%1:05:00::,solid-hoofed herbivorous quadruped domesticated since prehistoric times,馬,馬,APPROVE,APPROVED,AI 校訂草稿，待使用者確認。動物。
horse-38,horse,horse-410,1,noun,馬,horse%1:06:03::,a padded gymnastic apparatus on legs,晾衣架；木架,鞍馬（體操器械）,REVISE,APPROVED,AI 校訂草稿，待使用者確認。不是晾衣架；指有支腳的軟墊體操器材。
horse-38,horse,horse-410,1,noun,馬,horse%1:14:00::,troops trained to fight on horseback,馬（義項 3）,騎兵,REVISE,APPROVED,AI 校訂草稿，待使用者確認。指騎馬作戰的部隊。
hurt-39,hurt,hurt-421,1,noun,傷害,hurt%1:26:00::,any physical damage to the body caused by violence or accident or fracture etc.; the condition of an injury,傷害；心痛,身體傷害；損傷,REVISE,APPROVED,AI 校訂草稿，待使用者確認。身體受傷的狀態。
hurt-39,hurt,hurt-421,1,noun,傷害,hurt%1:12:02::,psychological suffering,傷害（義項 2）,心理痛苦；精神傷害,REVISE,APPROVED,AI 校訂草稿，待使用者確認。偏重心理層面的痛苦。
hurt-39,hurt,hurt-421,1,noun,傷害,hurt%1:12:01::,feelings of mental or physical pain,傷害（義項 3）,痛苦；傷痛,REVISE,APPROVED,AI 校訂草稿，待使用者確認。可包含心理或生理感受，與具體身體損傷分開。
in-40,in,in-428,1,adjective,在...期間,in%5:00:00:successful:00,holding office,在...期間（義項 1）,在任的；執政的,REVISE,APPROVED,AI 校訂草稿，待使用者確認。holding office 表示擔任職位。
in-40,in,in-428,1,adjective,在...期間,in%5:00:00:incoming:00,directed or bound inward,在...期間（義項 2）,向內的；進入的,REVISE,APPROVED,AI 校訂草稿，待使用者確認。朝向內部，不是時間介系詞用法。
in-40,in,in-428,1,adjective,在...期間,in%5:00:00:fashionable:00,currently fashionable,時髦的；流行的,流行的；時髦的,APPROVE,APPROVED,AI 校訂草稿，待使用者確認。流行趨勢。
jump-41,jump,jump-448,1,verb,跳躍,jump%2:38:00::,move forward by leaps and bounds,跳躍；跳過,跳躍前進；蹦跳,REVISE,APPROVED,AI 校訂草稿，待使用者確認。向前連續跳躍。
jump-41,jump,jump-448,1,verb,跳躍,jump%2:38:04::,"move or jump suddenly, as if in surprise or alarm",跳躍（義項 2）,驚跳；突然跳起,REVISE,APPROVED,AI 校訂草稿，待使用者確認。因驚嚇或意外而突然跳動。
jump-41,jump,jump-448,1,verb,跳躍,jump%2:33:00::,make a sudden physical attack on,跳躍（義項 3）,突襲；突然攻擊,REVISE,APPROVED,AI 校訂草稿，待使用者確認。不是一般跳躍動作。
kick-42,kick,kick-452,1,noun,踢,kick%1:04:00::,the act of delivering a blow with the foot,踢；腳踢,踢；踢擊,APPROVE,APPROVED,AI 校訂草稿，待使用者確認。用腳踢的動作。
kick-42,kick,kick-452,1,noun,踢,kick%1:12:00::,the swift release of a store of affective force,踢（義項 2）,刺激感；興奮感,REVISE,APPROVED,AI 校訂草稿，待使用者確認。突然釋放的情緒力量。
kick-42,kick,kick-452,1,noun,踢,kick%1:11:00::,the backward jerk of a gun when it is fired,踢（義項 3）,後座力；反衝,REVISE,APPROVED,AI 校訂草稿，待使用者確認。槍枝射擊時的後座力。
kill-43,kill,kill-454,1,verb,殺,kill%2:35:00::,"cause to die; put to death, usually intentionally or knowingly",殺死；致死,殺死；致死,APPROVE,APPROVED,AI 校訂草稿，待使用者確認。造成生命終止。
kill-43,kill,kill-454,1,verb,殺,kill%2:41:01::,thwart the passage of,殺（義項 2）,阻撓（法案）通過；否決,REVISE,APPROVED,AI 校訂草稿，待使用者確認。阻止法案等通過。
kill-43,kill,kill-454,1,verb,殺,kill%2:30:08::,end or extinguish by forceful means,殺（義項 3）,強行終止；壓制,REVISE,APPROVED,AI 校訂草稿，待使用者確認。以強力手段終止某事，與致死不同。
kill-44,kill,kill-454,1,noun,殺,kill%1:04:00::,the act of terminating a life,獵殺；殺戮,殺害；殺戮,REVISE,APPROVED,AI 校訂草稿，待使用者確認。使生命終止的行為。
kill-44,kill,kill-454,1,noun,殺,kill%1:04:01::,the destruction of an enemy plane or ship or tank or missile,殺（義項 2）,擊毀（敵方目標）；戰果,REVISE,APPROVED,AI 校訂草稿，待使用者確認。軍事語境下摧毀敵方飛機等。
kill-44,kill,kill-454,1,noun,殺,kill%1:05:00::,"the body of an animal, or bodies of animals, killed by a person or another animal",獵獲物,獵獲物；被殺死的動物,APPROVE,APPROVED,AI 校訂草稿，待使用者確認。指獵殺後的動物屍體。
knife-45,knife,knife-461,1,noun,小刀,knife%1:06:00::,edge tool used as a cutting instrument; has a pointed blade with a sharp edge and a handle,刀；小刀,刀；小刀,APPROVE,APPROVED,AI 校訂草稿，待使用者確認。一般切割工具。
knife-45,knife,knife-461,1,noun,小刀,knife%1:06:01::,a weapon with a handle and blade with a sharp point,切刀；刀片（機械）,刀具；短刀（武器）,REVISE,APPROVED,AI 校訂草稿，待使用者確認。作為武器的尖刀；原建議機械刀片不符。
knife-45,knife,knife-461,1,noun,小刀,knife%1:25:00::,any long thin projection that is transient,小刀（義項 3）,刀狀突出物；薄刃狀突起,REVISE,APPROVED,AI 校訂草稿，待使用者確認。英語定義為短暫的細長突出物；具體用例待原始語境確認。
know-46,know,know-463,1,verb,知道,know%2:31:01::,be cognizant or aware of a fact or a specific piece of information; possess knowledge or information about,知道（義項 1）,知道；知悉,REVISE,APPROVED,AI 校訂草稿，待使用者確認。知道特定事實或資訊。
know-46,know,know-463,1,verb,知道,know%2:31:03::,know how to do or perform something,知道（義項 2）,懂得；會（做某事）,REVISE,APPROVED,AI 校訂草稿，待使用者確認。具備做某事的方法或技能。
know-46,know,know-463,1,verb,知道,know%2:31:00::,be familiar or acquainted with a person or an object,知道；了解,認識；熟悉,REVISE,APPROVED,AI 校訂草稿，待使用者確認。熟識人或事物。
learn-47,learn,learn-478,1,verb,學習,learn%2:31:00::,gain knowledge or skills,學習；學會,學習；學會,APPROVE,APPROVED,AI 校訂草稿，待使用者確認。獲得知識或技能。
learn-47,learn,learn-478,1,verb,學習,learn%2:31:01::,"get to know or become aware of, usually accidentally",得知；獲悉,得知；獲悉,APPROVE,APPROVED,AI 校訂草稿，待使用者確認。得知消息，非學習技能。
learn-47,learn,learn-478,1,verb,學習,learn%2:31:03::,commit to memory; learn by heart,學習（義項 3）,背熟；記住,REVISE,APPROVED,AI 校訂草稿，待使用者確認。透過記憶學會。
left-48,left,left-481,1,adjective,左邊的,left%3:00:00::,being or located on or directed toward the side of the body to the west when facing north,左邊的；左側的,左邊的；左側的,APPROVE,APPROVED,AI 校訂草稿，待使用者確認。位置或方向在左側。
left-48,left,left-481,1,adjective,左邊的,left%5:00:00:unexhausted:00,not used up,左邊的（義項 2）,剩下的；剩餘的,REVISE,APPROVED,AI 校訂草稿，待使用者確認。指尚未用完。
left-48,left,left-481,1,adjective,左邊的,left%5:00:00:left-handed:00,intended for the left hand,左邊的（義項 3）,左手用的,REVISE,APPROVED,AI 校訂草稿，待使用者確認。專為左手設計。
left-49,left,left-481,1,noun,左邊的,left%1:15:00::,location near or direction toward the left side; i.e. the side to the north when a person or object faces east,左邊；左側,左邊；左側,APPROVE,APPROVED,AI 校訂草稿，待使用者確認。位置或方向。
left-49,left,left-481,1,noun,左邊的,left%1:14:00::,those who support varying degrees of social or political or economic change designed to promote the public welfare,左派；左翼組織,左派；左翼,APPROVE,APPROVED,AI 校訂草稿，待使用者確認。一般政治詞彙的詞典意義，不做評價。
left-49,left,left-481,1,noun,左邊的,left%1:08:00::,the hand that is on the left side of the body,左邊的（義項 3）,左手,REVISE,APPROVED,AI 校訂草稿，待使用者確認。身體部位。
lesson-50,lesson,lesson-485,1,noun,課,lesson%1:04:01::,a unit of instruction,課（義項 1）,一堂課；課程單元,REVISE,APPROVED,AI 校訂草稿，待使用者確認。教學單元。
lesson-50,lesson,lesson-485,1,noun,課,lesson%1:10:00::,punishment intended as a warning to others,教訓；警惕,教訓；懲戒,APPROVE,APPROVED,AI 校訂草稿，待使用者確認。作為警告的懲罰。
lesson-50,lesson,lesson-485,1,noun,課,lesson%1:10:01::,the significance of a story or event,課（義項 3）,教訓；啟示,REVISE,APPROVED,AI 校訂草稿，待使用者確認。故事或事件所傳達的意義。
light-51,light,light-492,1,adjective,光,light%3:00:01::,of comparatively little physical weight or density,輕的；重量小的,輕的；重量輕的,APPROVE,APPROVED,AI 校訂草稿，待使用者確認。物理重量或密度小。
light-51,light,light-492,1,adjective,光,light%3:00:05::,(used of color) having a relatively small amount of coloring agent,光（義項 2）,淺色的；顏色淡的,REVISE,APPROVED,AI 校訂草稿，待使用者確認。原建議光不符；指顏色淡。
light-51,light,light-492,1,adjective,光,light%3:00:04::,of the military or industry; using (or being) relatively small or light arms or equipment,淺色的；明亮的,輕型的（軍事或工業設備）,REVISE,APPROVED,AI 校訂草稿，待使用者確認。原建議淺色不符；指輕型裝備。
look-52,look,look-503,1,verb,一看,look%2:39:00::,perceive with attention; direct one's gaze towards; look,看；注視,看；注視,APPROVE,APPROVED,AI 校訂草稿，待使用者確認。視線指向某物。
look-52,look,look-503,1,verb,一看,look%2:39:01::,give a certain impression of being something or having a certain aspect,一看（義項 2）,看起來；顯得,KEEP_MERGED,APPROVED,AI 校訂草稿，待使用者確認。與下一個 appearance sense 在一般學習中文可用相同詞義。
look-52,look,look-503,1,verb,一看,look%2:29:00::,to physically appear a certain way to another individual or group,一看（義項 3）,看起來；顯得,KEEP_MERGED,APPROVED,AI 校訂草稿，待使用者確認。與上一個 impression sense 同義顯示，保留個別 sense ID。
look-53,look,look-503,1,noun,一看,look%1:07:01::,the feelings expressed on a person's face,一看（義項 1）,神情；表情,REVISE,APPROVED,AI 校訂草稿，待使用者確認。指臉上的情緒表現。
look-53,look,look-503,1,noun,一看,look%1:04:00::,the act of directing the eyes toward something and perceiving it visually; look,看；眼神,看；一瞥,REVISE,APPROVED,AI 校訂草稿，待使用者確認。看向某物的行為。
look-53,look,look-503,1,noun,一看,look%1:07:00::,physical appearance,外貌；長相,外貌；外觀,APPROVE,APPROVED,AI 校訂草稿，待使用者確認。人的或事物的外表。
love-54,love,love-507,1,noun,愛,love%1:12:00::,a strong positive emotion of regard and affection,愛；熱愛,愛；深厚的感情,APPROVE,APPROVED,AI 校訂草稿，待使用者確認。強烈的喜愛與關愛情感。
love-54,love,love-507,1,noun,愛,love%1:09:00::,any object of warm affection or devotion,愛（義項 2）,鍾愛之物；心愛的事物,REVISE,APPROVED,AI 校訂草稿，待使用者確認。指所喜愛的對象或物件。
love-54,love,love-507,1,noun,愛,love%1:18:00::,a beloved person; used as terms of endearment,愛人；心上人,愛人；心上人,APPROVE,APPROVED,AI 校訂草稿，待使用者確認。指被愛的人。
low-55,low,low-509,1,adjective,低點,low%3:00:02::,less than normal in degree or intensity or amount,低聲的；柔和的,低的；程度低的,REVISE,APPROVED,AI 校訂草稿，待使用者確認。程度、強度或數量低於正常。
low-55,low,low-509,1,adjective,低點,low%3:00:01::,being at or having a relatively small elevation or upward extension,低的；矮的,低的；矮的,APPROVE,APPROVED,AI 校訂草稿，待使用者確認。物理高度較低。
low-55,low,low-509,1,adjective,低點,low%5:00:00:soft:04,very low in volume,低點（義項 3）,音量小的；低聲的,REVISE,APPROVED,AI 校訂草稿，待使用者確認。指音量，不是「低點」。
milk-56,milk,milk-539,1,noun,奶,milk%1:13:01::,a white nutritious liquid secreted by mammals and used as food by human beings,植物乳汁（如椰漿）,奶；乳（供食用）,REVISE,APPROVED,AI 校訂草稿，待使用者確認。哺乳動物分泌且供人飲用的乳液，非植物乳。
milk-56,milk,milk-539,1,noun,奶,milk%1:08:00::,produced by mammary glands of female mammals for feeding their young,擠奶,乳汁；母乳,REVISE,APPROVED,AI 校訂草稿，待使用者確認。哺乳動物乳腺分泌、用以哺育幼體。
milk-56,milk,milk-539,1,noun,奶,milk%1:13:02::,any of several nutritive milklike liquids,奶（義項 3）,植物奶；乳狀營養液,REVISE,APPROVED,AI 校訂草稿，待使用者確認。泛指其他有營養的乳狀液體。
mind-57,mind,mind-541,1,noun,思想,mind%1:09:00::,"that which is responsible for one's thoughts, feelings, and conscious brain functions; the seat of the faculty of reason",頭腦；心智,心智；頭腦,APPROVE,APPROVED,AI 校訂草稿，待使用者確認。思考、感受及意識的能力或所在。
mind-57,mind,mind-541,1,noun,思想,mind%1:09:01::,recall or remembrance,思想（義項 2）,記憶；回憶,REVISE,APPROVED,AI 校訂草稿，待使用者確認。指記憶或想起的內容。
mind-57,mind,mind-541,1,noun,思想,mind%1:09:04::,an opinion formed by judging something,思想（義項 3）,看法；意見,REVISE,APPROVED,AI 校訂草稿，待使用者確認。經判斷形成的觀點。
need-58,need,need-574,1,noun,需要,need%1:26:00::,a condition requiring relief,需要；需求,需要；需求,APPROVE,APPROVED,AI 校訂草稿，待使用者確認。需要得到滿足的狀況。
need-58,need,need-574,1,noun,需要,need%1:17:00::,anything that is necessary but lacking,必要性；迫切需要,必需品；欠缺之物,REVISE,APPROVED,AI 校訂草稿，待使用者確認。指必要卻缺乏的事物。
need-58,need,need-574,1,noun,需要,need%1:03:00::,the psychological feature that arouses an organism to action toward a desired goal; the reason for the action; that which gives purpose and direction to behavior,需要（義項 3）,需求；動機,REVISE,APPROVED,AI 校訂草稿，待使用者確認。驅動行為的心理需求。
night-59,night,night-582,1,noun,夜,night%1:28:00::,the time after sunset and before sunrise while it is dark outside,夜晚；夜間,夜晚；夜間,APPROVE,APPROVED,AI 校訂草稿，待使用者確認。日落後至日出前的黑暗時段。
night-59,night,night-582,1,noun,夜,night%1:28:01::,a period of ignorance or backwardness or gloom,晚上（活動時間）,黑暗時期；蒙昧時代,REVISE,APPROVED,AI 校訂草稿，待使用者確認。比喻無知、落後或陰鬱的時期；原建議晚上活動時間不符。
night-59,night,night-582,1,noun,夜,night%1:28:04::,the period spent sleeping,夜（義項 3）,睡眠時間；夜間休息時段,REVISE,APPROVED,AI 校訂草稿，待使用者確認。指睡眠所花的時段。
north-60,north,north-588,1,noun,北方,north%1:24:00::,the cardinal compass point that is at 0 or 360 degrees,北方；正北,正北；北方,KEEP_MERGED,APPROVED,AI 校訂草稿，待使用者確認。與第三個方向 sense 可共用北方表述，需保留來源 ID。
north-60,north,north-588,1,noun,北方,north%1:15:00::,"a location in the northern part of a country, region, or city",北方（義項 2）,北部；北方地區,REVISE,APPROVED,AI 校訂草稿，待使用者確認。指地理區域，不是純粹方向。
north-60,north,north-588,1,noun,北方,north%1:24:02::,the direction corresponding to the northward cardinal compass point,北方（義項 3）,正北；北方,KEEP_MERGED,APPROVED,AI 校訂草稿，待使用者確認。與第一個羅盤方向 sense 語義相近，可合併顯示。
