groupId,wordId,word,level,partOfSpeech,classification,currentMeaningZhTW,senseId,englishDefinition,suggestedMeaningZhTW,decision,finalMeaningZhTW,reviewStatus,reviewerNotes
fly-1,fly-318,fly,1,verb,POSSIBLE_OVER_MERGE,蒼蠅,fly%2:38:00::,travel through the air; be airborne,飛；飛行,,,NEEDS_REVIEW,
fly-1,fly-318,fly,1,verb,POSSIBLE_OVER_MERGE,蒼蠅,fly%2:38:02::,move quickly or suddenly,飛馳；疾馳,,,NEEDS_REVIEW,
fly-1,fly-318,fly,1,verb,POSSIBLE_OVER_MERGE,蒼蠅,fly%2:38:01::,operate an airplane,駕駛（飛機）；飛行,,,NEEDS_REVIEW,
pass-2,pass-630,pass,1,verb,POSSIBLE_OVER_MERGE,經過,pass%2:38:00::,go across or through,通過；穿過,,,NEEDS_REVIEW,
pass-2,pass-630,pass,1,verb,POSSIBLE_OVER_MERGE,經過,pass%2:38:05::,move past,經過；路過,,,NEEDS_REVIEW,
pass-2,pass-630,pass,1,verb,POSSIBLE_OVER_MERGE,經過,pass%2:41:02::,"make laws, bills, etc. or bring into effect by legislation",通過（法案/議案）,,,NEEDS_REVIEW,
push-3,push-684,push,1,verb,POSSIBLE_OVER_MERGE,推,push%2:38:00::,move with force,推；推動,,,NEEDS_REVIEW,
push-3,push-684,push,1,verb,POSSIBLE_OVER_MERGE,推,push%2:32:01::,"press, drive, or impel (someone) to action or completion of an action",督促；逼迫,,,NEEDS_REVIEW,
push-3,push-684,push,1,verb,POSSIBLE_OVER_MERGE,推,push%2:32:00::,make publicity for; try to sell (a product),推廣；推銷,,,NEEDS_REVIEW,
study-4,study-837,study,1,verb,CLEAR_OVER_MERGE,學習,study%2:31:02::,consider in detail and subject to an analysis in order to discover essential features or meaning,研究；研讀,,,NEEDS_REVIEW,
study-4,study-837,study,1,verb,CLEAR_OVER_MERGE,學習,study%2:31:03::,be a student; follow a course of study; be enrolled at an institute of learning,就讀；學習,,,NEEDS_REVIEW,
study-4,study-837,study,1,verb,CLEAR_OVER_MERGE,學習,study%2:39:00::,give careful consideration to,仔細端詳；審視,,,NEEDS_REVIEW,
sugar-5,sugar-841,sugar,1,noun,CLEAR_OVER_MERGE,糖,sugar%1:13:00::,a white crystalline carbohydrate used as a sweetener and preservative,食糖；蔗糖,,,NEEDS_REVIEW,
sugar-5,sugar-841,sugar,1,noun,CLEAR_OVER_MERGE,糖,sugar%1:27:00::,an essential structural component of living cells and source of energy for animals; includes simple sugars with small molecules as well as macromolecular substances; are classified according to the number of monosaccharide groups they contain,糖類（生物化學）,,,NEEDS_REVIEW,
sugar-5,sugar-841,sugar,1,noun,CLEAR_OVER_MERGE,糖,sugar%1:21:00::,informal terms for money,錢；金錢（俚語）,,,NEEDS_REVIEW,
sun-6,sun-842,sun,1,noun,CLEAR_OVER_MERGE,太陽,sun%1:19:00::,the rays of the sun,陽光；日照,,,NEEDS_REVIEW,
sun-6,sun-842,sun,1,noun,CLEAR_OVER_MERGE,太陽,sun%1:18:00::,a person considered as a source of warmth or energy or glory etc,（比喻）給人溫暖/榮光的人,,,NEEDS_REVIEW,
sun-6,sun-842,sun,1,noun,CLEAR_OVER_MERGE,太陽,sun%1:17:01::,any star around which a planetary system revolves,恆星；太陽,,,NEEDS_REVIEW,
surprise-7,surprise-846,surprise,1,verb,CLEAR_OVER_MERGE,驚奇,surprise%2:31:00::,cause to be surprised,使驚訝；使吃驚,,,NEEDS_REVIEW,
surprise-7,surprise-846,surprise,1,verb,CLEAR_OVER_MERGE,驚奇,surprise%2:41:00::,come upon or take unawares,突襲；出其不意,,,NEEDS_REVIEW,
surprise-7,surprise-846,surprise,1,verb,CLEAR_OVER_MERGE,驚奇,surprise%2:33:00::,attack by storm; attack suddenly,奇襲；突然襲擊,,,NEEDS_REVIEW,
table-8,table-849,table,1,noun,CLEAR_OVER_MERGE,桌子,table%1:14:00::,a set of data arranged in rows and columns,表格；圖表,,,NEEDS_REVIEW,
table-8,table-849,table,1,noun,CLEAR_OVER_MERGE,桌子,table%1:06:01::,a piece of furniture having a smooth flat top that is usually supported by one or more vertical legs,桌子；餐桌,,,NEEDS_REVIEW,
table-8,table-849,table,1,noun,CLEAR_OVER_MERGE,桌子,table%1:06:02::,a piece of furniture with tableware for a meal laid out on it,餐桌（備好餐具）,,,NEEDS_REVIEW,
theater-9,theater-873,theater,1,noun,CLEAR_OVER_MERGE,戲院,theater%1:06:00::,a building where theatrical performances or motion-picture shows can be presented,劇院；戲院,,,NEEDS_REVIEW,
theater-9,theater-873,theater,1,noun,CLEAR_OVER_MERGE,戲院,theater%1:10:00::,the art of writing and producing plays,戲劇；戲劇藝術,,,NEEDS_REVIEW,
theater-9,theater-873,theater,1,noun,CLEAR_OVER_MERGE,戲院,theater%1:15:00::,a region in which active military operations are in progress,戰區；戰場,,,NEEDS_REVIEW,
then-10,then-874,then,1,adverb,CLEAR_OVER_MERGE,然後,then%4:02:00::,subsequently or soon afterward (often used as sentence connectors),然後；接著,,,NEEDS_REVIEW,
then-10,then-874,then,1,adverb,CLEAR_OVER_MERGE,然後,then%4:02:02::,in that case or as a consequence,那麼；既然如此,,,NEEDS_REVIEW,
then-10,then-874,then,1,adverb,CLEAR_OVER_MERGE,然後,then%4:02:01::,at that time,當時；那時,,,NEEDS_REVIEW,
there-11,there-875,there,1,adverb,CLEAR_OVER_MERGE,在那裡,there%4:02:00::,in or at that place or location,在那裡；在該處,,,NEEDS_REVIEW,
there-11,there-875,there,1,adverb,CLEAR_OVER_MERGE,在那裡,there%4:02:02::,in that matter; in that respect; on that point,在該點；在那方面,,,NEEDS_REVIEW,
there-11,there-875,there,1,adverb,CLEAR_OVER_MERGE,在那裡,there%4:02:01::,to or toward that place; away from the speaker,往該處；向那邊,,,NEEDS_REVIEW,
tip-12,tip-895,tip,1,noun,CLEAR_OVER_MERGE,尖端；小費；提示,tip%1:15:00::,the extreme end of something; especially something pointed,尖端；頂端,,,NEEDS_REVIEW,
tip-12,tip-895,tip,1,noun,CLEAR_OVER_MERGE,尖端；小費；提示,tip%1:21:00::,a relatively small amount of money given for services rendered (as by a waiter),小費,,,NEEDS_REVIEW,
tip-12,tip-895,tip,1,noun,CLEAR_OVER_MERGE,尖端；小費；提示,tip%1:10:00::,an indication of potential opportunity,提示；情報/訣竅,,,NEEDS_REVIEW,
toilet-13,toilet-901,toilet,1,noun,CLEAR_OVER_MERGE,廁所,toilet%1:06:00::,a room or building equipped with one or more toilets,廁所；洗手間,,,NEEDS_REVIEW,
toilet-13,toilet-901,toilet,1,noun,CLEAR_OVER_MERGE,廁所,toilet%1:06:01::,a plumbing fixture for defecation and urination,馬桶；便器,,,NEEDS_REVIEW,
toilet-13,toilet-901,toilet,1,noun,CLEAR_OVER_MERGE,廁所,toilet%1:26:00::,misfortune resulting in lost effort or money,梳洗；梳妝,,,NEEDS_REVIEW,
tooth-14,tooth-907,tooth,1,noun,CLEAR_OVER_MERGE,牙齒,tooth%1:08:00::,hard bonelike structures in the jaws of vertebrates; used for biting and chewing or for attack and defense,牙齒,,,NEEDS_REVIEW,
tooth-14,tooth-907,tooth,1,noun,CLEAR_OVER_MERGE,牙齒,tooth%1:06:01::,something resembling the tooth of an animal,（梳子、鋸子等的）齒,,,NEEDS_REVIEW,
tooth-14,tooth-907,tooth,1,noun,CLEAR_OVER_MERGE,牙齒,tooth%1:05:02::,toothlike structure in invertebrates found in the mouth or alimentary canal or on a shell,（齒輪的）輪齒；齒,,,NEEDS_REVIEW,
train-15,train-916,train,1,verb,CLEAR_OVER_MERGE,火車,train%2:31:01::,create by training and teaching,訓練；培訓,,,NEEDS_REVIEW,
train-15,train-916,train,1,verb,CLEAR_OVER_MERGE,火車,train%2:31:00::,"undergo training or instruction in preparation for a particular role, function, or profession",接受訓練；受訓,,,NEEDS_REVIEW,
train-15,train-916,train,1,verb,CLEAR_OVER_MERGE,火車,train%2:41:02::,develop (a child's or animal's) behavior by instruction and practice; especially to teach self-control,訓育；管教,,,NEEDS_REVIEW,
treat(ment)-16,treat(ment)-917,treat(ment),1,noun,CLEAR_OVER_MERGE,對待,treat%1:13:00::,something considered choice to eat,美食；精緻點心,,,NEEDS_REVIEW,
treat(ment)-16,treat(ment)-917,treat(ment),1,noun,CLEAR_OVER_MERGE,對待,treat%1:11:00::,an occurrence that causes special pleasure or delight,難得的樂事；款待,,,NEEDS_REVIEW,
treat(ment)-16,treat(ment)-917,treat(ment),1,noun,CLEAR_OVER_MERGE,對待,treatment%1:04:00::,care provided to improve a situation (especially medical procedures or applications that are intended to relieve illness or injury),醫療/護理；對待,,,NEEDS_REVIEW,
visit-17,visit-940,visit,1,noun,CLEAR_OVER_MERGE,拜訪,visit%1:04:02::,the act of going to see some person or place or thing for a short time,參觀；拜訪,,,NEEDS_REVIEW,
visit-17,visit-940,visit,1,noun,CLEAR_OVER_MERGE,拜訪,visit%1:14:00::,a meeting arranged by the visitor to see someone (such as a doctor or lawyer) for treatment or advice,就診；諮詢會面,,,NEEDS_REVIEW,
visit-17,visit-940,visit,1,noun,CLEAR_OVER_MERGE,拜訪,visit%1:04:01::,the act of visiting in an official capacity (as for an inspection),視察；巡視,,,NEEDS_REVIEW,
well-18,well-960,well,1,adjective,CLEAR_OVER_MERGE,很好地；井,well%3:00:01::,in good health especially after having suffered illness or injury,健康的；安好的,,,NEEDS_REVIEW,
well-18,well-960,well,1,adjective,CLEAR_OVER_MERGE,很好地；井,well%5:00:00:fortunate:00,resulting favorably,順利的；良好的,,,NEEDS_REVIEW,
well-18,well-960,well,1,adjective,CLEAR_OVER_MERGE,很好地；井,well%5:00:00:advisable:00,wise or advantageous and hence advisable,明智的；合適的,,,NEEDS_REVIEW,
